geo_event_id,predicted_evac_probability,predicted_evac_flag
83,0.0,0
88,0.0067,0
89,0.0033,0
90,0.0,0
95,0.0,0
99,0.0367,0
101,0.0,0
103,0.0,0
109,0.0,0
117,0.0067,0
118,0.0,0
121,0.0,0
128,0.0,0
131,0.0,0
132,0.0033,0
136,0.0,0
138,0.0,0
139,0.0,0
140,0.0,0
141,0.0,0
146,0.0,0
147,0.0867,0
149,0.0033,0
150,0.0033,0
151,0.0,0
153,0.0,0
154,0.0033,0
156,0.0033,0
157,0.0,0
158,0.0,0
160,0.0,0
161,0.0,0
163,0.0,0
169,0.0033,0
172,0.0,0
175,0.0,0
177,0.0,0
180,0.0,0
182,0.0033,0
183,0.0,0
184,0.0867,0
187,0.0067,0
191,0.0,0
193,0.1633,0
194,0.1933,0
198,0.0,0
199,0.0,0
201,0.0,0
203,0.0,0
204,0.0,0
205,0.03,0
206,0.0,0
208,0.0,0
210,0.0233,0
211,0.0,0
212,0.0,0
213,0.0033,0
214,0.0,0
215,0.0067,0
216,0.0,0
217,0.0033,0
218,0.0,0
221,0.0,0
224,0.0,0
225,0.0,0
226,0.0,0
227,0.0633,0
229,0.0,0
230,0.0,0
231,0.0,0
232,0.0,0
233,0.0,0
234,0.0,0
235,0.0,0
237,0.0,0
238,0.0,0
243,0.0,0
244,0.0,0
245,0.0,0
246,0.0033,0
248,0.0,0
249,0.0033,0
250,0.0,0
251,0.0,0
253,0.0,0
254,0.0067,0
255,0.0,0
257,0.0,0
259,0.0,0
260,0.01,0
261,0.0,0
263,0.0,0
264,0.0,0
266,0.0,0
268,0.0,0
269,0.0033,0
271,0.0,0
272,0.0,0
273,0.0033,0
275,0.0,0
276,0.0,0
277,0.0167,0
279,0.0333,0
281,0.0,0
282,0.0,0
283,0.0,0
286,0.0,0
287,0.0,0
289,0.0467,0
290,0.0,0
291,0.0,0
292,0.0,0
293,0.0,0
294,0.0033,0
295,0.0033,0
296,0.0,0
301,0.0,0
303,0.0,0
304,0.0,0
307,0.0,0
311,0.0,0
313,0.0,0
317,0.0,0
318,0.0,0
319,0.0,0
323,0.0,0
324,0.0,0
327,0.0,0
332,0.0,0
333,0.0,0
335,0.0,0
338,0.0,0
340,0.0,0
341,0.0167,0
345,0.0,0
349,0.0,0
355,0.0,0
356,0.0,0
357,0.0,0
359,0.0,0
363,0.0,0
364,0.0,0
367,0.0,0
371,0.0,0
372,0.0,0
373,0.0,0
374,0.0,0
376,0.0,0
378,0.0,0
379,0.0033,0
381,0.0,0
386,0.0,0
389,0.0033,0
392,0.0033,0
394,0.0,0
395,0.0,0
396,0.0,0
397,0.0,0
401,0.0,0
403,0.0,0
405,0.0,0
407,0.0,0
409,0.0,0
410,0.0,0
413,0.0067,0
418,0.0,0
421,0.0,0
423,0.0,0
427,0.0,0
429,0.0,0
433,0.0,0
434,0.0,0
437,0.0,0
438,0.0,0
440,0.0,0
442,0.0033,0
444,0.0,0
445,0.0,0
446,0.0,0
448,0.0,0
451,0.0,0
452,0.11,0
456,0.0,0
457,0.0,0
458,0.0,0
462,0.0,0
463,0.0033,0
467,0.01,0
469,0.0,0
472,0.0,0
473,0.0,0
476,0.0,0
477,0.0,0
483,0.0,0
484,0.0,0
488,0.0,0
493,0.0067,0
495,0.0,0
498,0.0033,0
499,0.0067,0
500,0.0067,0
504,0.0,0
509,0.0433,0
511,0.0,0
515,0.0,0
520,0.1933,0
521,0.0,0
523,0.0,0
524,0.0,0
526,0.0367,0
527,0.0,0
528,0.0,0
530,0.05,0
533,0.0,0
535,0.0033,0
537,0.0033,0
538,0.0,0
544,0.0,0
546,0.0,0
549,0.02,0
556,0.0,0
559,0.0,0
560,0.0,0
563,0.0033,0
566,0.0,0
567,0.0,0
568,0.02,0
569,0.0,0
570,0.0,0
571,0.0,0
575,0.0,0
577,0.0033,0
578,0.0,0
580,0.0,0
581,0.0,0
582,0.0,0
583,0.0,0
584,0.0,0
585,0.0,0
586,0.0,0
588,0.0033,0
590,0.0,0
595,0.0,0
596,0.0067,0
597,0.0,0
598,0.0033,0
600,0.0033,0
602,0.0,0
608,0.0,0
612,0.0,0
613,0.0,0
615,0.01,0
616,0.0,0
625,0.0,0
626,0.0,0
628,0.0,0
631,0.01,0
633,0.0,0
634,0.0,0
635,0.0,0
638,0.0,0
640,0.0,0
643,0.0,0
645,0.0,0
652,0.0,0
656,0.0,0
659,0.0,0
660,0.0,0
664,0.0,0
665,0.0,0
669,0.0,0
671,0.0033,0
674,0.0,0
677,0.0033,0
679,0.0,0
680,0.0033,0
682,0.0,0
683,0.0,0
685,0.0,0
686,0.0,0
688,0.0,0
691,0.0033,0
697,0.0033,0
699,0.0033,0
700,0.0233,0
702,0.0,0
704,0.0,0
706,0.0,0
707,0.0,0
709,0.01,0
712,0.0,0
715,0.0,0
717,0.0033,0
719,0.0,0
721,0.0,0
722,0.0,0
724,0.0,0
726,0.0267,0
728,0.0033,0
729,0.0033,0
730,0.0,0
731,0.0,0
732,0.0,0
736,0.0067,0
737,0.0,0
739,0.0,0
740,0.0,0
741,0.0,0
744,0.0,0
745,0.0067,0
746,0.0,0
750,0.0,0
751,0.0,0
752,0.0,0
755,0.0,0
756,0.0,0
757,0.0,0
761,0.0,0
762,0.0067,0
763,0.0,0
764,0.01,0
767,0.0,0
768,0.0,0
769,0.0033,0
770,0.0,0
772,0.0,0
775,0.0,0
776,0.0,0
777,0.0667,0
779,0.0067,0
780,0.02,0
781,0.0133,0
783,0.0067,0
784,0.0,0
785,0.0,0
786,0.0067,0
790,0.0,0
793,0.0,0
794,0.01,0
796,0.0,0
798,0.0,0
799,0.0067,0
802,0.0033,0
804,0.0,0
805,0.0233,0
808,0.0,0
809,0.0,0
810,0.0,0
813,0.0,0
819,0.0,0
820,0.0,0
822,0.0,0
823,0.0,0
824,0.0,0
828,0.0,0
830,0.0,0
831,0.01,0
833,0.0933,0
834,0.0,0
837,0.0,0
838,0.0,0
840,0.0,0
841,0.0,0
842,0.0,0
843,0.0,0
844,0.0,0
845,0.0,0
846,0.0,0
847,0.0,0
848,0.0,0
851,0.0,0
854,0.0,0
855,0.0067,0
856,0.0,0
860,0.01,0
862,0.0,0
863,0.0067,0
866,0.06,0
867,0.0,0
869,0.0,0
872,0.0,0
873,0.0067,0
874,0.0033,0
875,0.0,0
877,0.0,0
878,0.0,0
879,0.0,0
880,0.0,0
883,0.0,0
884,0.0,0
886,0.0,0
887,0.0,0
897,0.0,0
901,0.0,0
902,0.0,0
907,0.0033,0
910,0.0,0
917,0.0,0
918,0.0,0
919,0.0,0
920,0.0,0
927,0.0033,0
928,0.0,0
930,0.0,0
937,0.0167,0
939,0.0,0
941,0.0,0
947,0.0067,0
948,0.0,0
949,0.0,0
952,0.0067,0
956,0.0,0
957,0.0,0
963,0.0,0
964,0.0,0
966,0.0,0
967,0.0,0
970,0.0,0
974,0.0033,0
976,0.0,0
982,0.0,0
986,0.0,0
987,0.0,0
989,0.0,0
991,0.0,0
992,0.0,0
995,0.0,0
999,0.0,0
1000,0.0,0
1001,0.0,0
1002,0.0,0
1003,0.0,0
1006,0.01,0
1007,0.0,0
1008,0.0,0
1016,0.0,0
1019,0.0,0
1021,0.0233,0
1023,0.0,0
1024,0.0,0
1032,0.0,0
1035,0.0,0
1038,0.0,0
1040,0.0,0
1044,0.0,0
1053,0.0,0
1054,0.0,0
1057,0.0,0
1060,0.0,0
1062,0.0,0
1065,0.0,0
1067,0.0,0
1068,0.0033,0
1070,0.0067,0
1071,0.0033,0
1073,0.0,0
1078,0.0,0
1080,0.0133,0
1081,0.0,0
1082,0.0,0
1084,0.01,0
1087,0.0,0
1088,0.0,0
1089,0.0,0
1090,0.0,0
1091,0.0,0
1099,0.0,0
1105,0.0,0
1106,0.0133,0
1108,0.0067,0
1110,0.0033,0
1111,0.0,0
1115,0.0,0
1118,0.0,0
1119,0.0033,0
1121,0.0,0
1124,0.0,0
1126,0.0,0
1130,0.0,0
1133,0.0,0
1137,0.0333,0
1138,0.01,0
1139,0.0,0
1142,0.0,0
1149,0.0,0
1153,0.0,0
1161,0.0,0
1162,0.0,0
1167,0.0,0
1168,0.07,0
1169,0.0,0
1170,0.0067,0
1171,0.0,0
1172,0.0033,0
1175,0.0,0
1178,0.0033,0
1179,0.03,0
1183,0.0,0
1184,0.0,0
1187,0.0,0
1188,0.0,0
1189,0.0,0
1192,0.03,0
1194,0.0,0
1196,0.0,0
1199,0.0033,0
1200,0.0,0
1201,0.0,0
1205,0.0,0
1207,0.0,0
1209,0.0,0
1210,0.0033,0
1215,0.0,0
1216,0.01,0
1224,0.01,0
1225,0.0,0
1230,0.0,0
1231,0.0,0
1232,0.0067,0
1233,0.0,0
1234,0.0,0
1236,0.01,0
1239,0.0,0
1241,0.0,0
1245,0.0,0
1247,0.0033,0
1250,0.0,0
1251,0.0,0
1252,0.0033,0
1253,0.0,0
1255,0.0,0
1257,0.0,0
1258,0.0,0
1259,0.0,0
1260,0.0,0
1261,0.0067,0
1264,0.0,0
1265,0.0367,0
1266,0.0,0
1269,0.0,0
1271,0.0,0
1274,0.0,0
1275,0.0033,0
1276,0.0067,0
1282,0.0,0
1285,0.0033,0
1286,0.0033,0
1289,0.0467,0
1290,0.01,0
1291,0.0133,0
1293,0.0,0
1295,0.0,0
1298,0.0,0
1299,0.0,0
1300,0.0,0
1301,0.0033,0
1302,0.0,0
1305,0.02,0
1306,0.0,0
1307,0.0,0
1309,0.0,0
1310,0.0,0
1314,0.0,0
1316,0.0,0
1318,0.02,0
1321,0.0033,0
1324,0.0,0
1325,0.0,0
1326,0.0033,0
1327,0.0,0
1332,0.0,0
1333,0.0367,0
1335,0.0,0
1337,0.0,0
1339,0.0,0
1340,0.0,0
1342,0.0067,0
1343,0.0,0
1346,0.0033,0
1348,0.0067,0
1350,0.01,0
1353,0.0,0
1356,0.0,0
1357,0.0,0
1361,0.01,0
1365,0.0,0
1366,0.0,0
1371,0.0,0
1372,0.0067,0
1376,0.0,0
1378,0.0,0
1379,0.0,0
1383,0.0,0
1384,0.0,0
1385,0.0,0
1386,0.0,0
1389,0.0,0
1390,0.0,0
1394,0.0,0
1404,0.0,0
1406,0.0,0
1408,0.0,0
1410,0.0,0
1411,0.0,0
1412,0.0,0
1419,0.0,0
1421,0.01,0
1424,0.0,0
1426,0.0,0
1428,0.0,0
1430,0.0,0
1432,0.0,0
1435,0.0033,0
1436,0.0,0
1438,0.01,0
1439,0.0,0
1441,0.0,0
1442,0.0,0
1444,0.0,0
1447,0.0,0
1451,0.0,0
1454,0.0,0
1455,0.0,0
1459,0.0,0
1460,0.0,0
1461,0.0,0
1462,0.0,0
1467,0.0,0
1468,0.0,0
1471,0.0,0
1472,0.0,0
1478,0.0033,0
1479,0.0,0
1483,0.0,0
1486,0.0,0
1491,0.0,0
1493,0.0,0
1496,0.0,0
1497,0.0,0
1499,0.0,0
1508,0.0,0
1513,0.0,0
1514,0.0,0
1525,0.02,0
1526,0.0,0
1532,0.0033,0
1534,0.0,0
1541,0.0,0
1543,0.0033,0
1545,0.0,0
1549,0.0,0
1550,0.0,0
1551,0.0,0
1554,0.0,0
1555,0.0033,0
1560,0.0,0
1571,0.0,0
1575,0.0,0
1576,0.0,0
1577,0.0,0
1581,0.0,0
1582,0.0,0
1589,0.0,0
1591,0.0,0
1602,0.0,0
1603,0.0,0
1604,0.0,0
1608,0.0033,0
1617,0.0,0
1618,0.0,0
1620,0.0233,0
1621,0.0233,0
1622,0.0,0
1631,0.0,0
1632,0.0,0
1641,0.0,0
1644,0.0033,0
1646,0.0,0
1656,0.0,0
1657,0.0,0
1662,0.0033,0
1665,0.0,0
1666,0.0,0
1672,0.0,0
1675,0.0,0
1685,0.0,0
1696,0.0,0
1698,0.0,0
1700,0.0133,0
1702,0.0,0
1714,0.0,0
1716,0.0,0
1719,0.0,0
1720,0.0,0
1726,0.0,0
1729,0.0,0
1730,0.0,0
1741,0.0,0
1746,0.0,0
1747,0.0,0
1757,0.0067,0
1762,0.0,0
1804,0.0,0
1842,0.0,0
1858,0.0,0
1859,0.0,0
1860,0.0,0
1862,0.0,0
1892,0.0033,0
1894,0.0,0
1899,0.0,0
1908,0.0,0
1912,0.01,0
1928,0.0,0
1931,0.0,0
1933,0.0,0
1936,0.0,0
1947,0.0,0
1948,0.0,0
1950,0.0,0
1952,0.0,0
1953,0.0,0
1955,0.0,0
1960,0.0,0
1969,0.0,0
1973,0.0,0
1974,0.0,0
1978,0.0,0
1982,0.0,0
1983,0.0,0
1986,0.0,0
1989,0.0,0
2032,0.0,0
2049,0.0,0
2069,0.0,0
2154,0.0,0
2193,0.0,0
2276,0.0,0
2317,0.0,0
2447,0.0,0
2457,0.0,0
2486,0.01,0
2527,0.0,0
2533,0.0,0
2547,0.0,0
2578,0.0,0
2579,0.0067,0
2595,0.0,0
2639,0.0,0
2657,0.0,0
2662,0.0,0
2709,0.0,0
2711,0.0,0
2712,0.0,0
2715,0.0,0
2718,0.0,0
2722,0.0,0
2725,0.0,0
2733,0.0,0
2737,0.0,0
2752,0.0,0
2753,0.0,0
2760,0.0,0
2785,0.0,0
2790,0.0,0
2794,0.0,0
2795,0.0,0
2826,0.0,0
2831,0.0033,0
2833,0.0,0
2845,0.0067,0
2851,0.0,0
2857,0.0,0
2904,0.0,0
2908,0.0,0
2914,0.0,0
2943,0.0,0
2968,0.0,0
2974,0.0,0
2984,0.0,0
2988,0.01,0
2990,0.0,0
2991,0.0,0
2993,0.0,0
3020,0.0,0
3058,0.0,0
3067,0.0,0
3084,0.0,0
3096,0.0,0
3100,0.0,0
3111,0.0,0
3119,0.0,0
3132,0.0,0
3143,0.0,0
3156,0.0,0
3163,0.0,0
3224,0.0,0
3225,0.0,0
3226,0.0,0
3239,0.0,0
3256,0.0,0
3259,0.0,0
3263,0.0,0
3272,0.0067,0
3274,0.0,0
3279,0.0,0
3323,0.0,0
3353,0.0,0
3368,0.0,0
3370,0.0,0
3371,0.0,0
3375,0.0,0
3378,0.0067,0
3403,0.0,0
3404,0.0,0
3406,0.0,0
3408,0.0,0
3412,0.0,0
3416,0.0,0
3418,0.0,0
3425,0.0,0
3433,0.0,0
3439,0.0,0
3445,0.0,0
3446,0.0,0
3455,0.0,0
3466,0.0,0
3478,0.0,0
3491,0.0,0
3495,0.0033,0
3497,0.0167,0
3498,0.0,0
3500,0.0,0
3510,0.0,0
3518,0.0,0
3544,0.0,0
3546,0.0,0
3569,0.0,0
3575,0.0,0
3595,0.0,0
3608,0.0,0
3615,0.0,0
3632,0.0,0
3643,0.0,0
3653,0.0,0
3695,0.0,0
3715,0.0,0
3764,0.0,0
3767,0.0,0
3770,0.0,0
3776,0.0,0
3777,0.0,0
3778,0.0,0
3783,0.0,0
3795,0.0,0
3797,0.0,0
3828,0.0,0
3836,0.0,0
3842,0.0033,0
3843,0.0,0
3847,0.0,0
3849,0.0,0
3850,0.0,0
3853,0.0,0
3868,0.0,0
3874,0.0,0
3876,0.0,0
3884,0.0,0
3905,0.0,0
3918,0.0,0
3923,0.0,0
3931,0.0,0
3977,0.0,0
3983,0.0,0
4020,0.0,0
4031,0.0,0
4089,0.0,0
4092,0.0,0
4093,0.0,0
4097,0.0,0
4108,0.0,0
4124,0.0,0
4125,0.0,0
4128,0.0033,0
4143,0.0,0
4144,0.0,0
4145,0.0,0
4146,0.0,0
4148,0.0,0
4153,0.0,0
4154,0.0,0
4155,0.0,0
4157,0.0,0
4161,0.0,0
4162,0.0,0
4164,0.0,0
4168,0.0,0
4205,0.0,0
4206,0.0,0
4218,0.0,0
4226,0.0,0
4231,0.0033,0
4235,0.0,0
4238,0.02,0
4245,0.01,0
4255,0.0,0
4269,0.0,0
4271,0.0033,0
4272,0.0067,0
4273,0.0,0
4279,0.15,0
4280,0.0,0
4283,0.0,0
4284,0.0,0
4300,0.0,0
4308,0.0,0
4311,0.0133,0
4320,0.0,0
4332,0.0,0
4339,0.0,0
4340,0.0,0
4345,0.0,0
4347,0.0033,0
4351,0.0033,0
4375,0.0,0
4378,0.0,0
4379,0.0,0
4380,0.0,0
4382,0.0,0
4386,0.0,0
4389,0.0,0
4403,0.0,0
4405,0.0,0
4408,0.0,0
4411,0.0,0
4436,0.0,0
4442,0.0033,0
4450,0.0567,0
4451,0.0,0
4455,0.0,0
4460,0.0,0
4468,0.0,0
4469,0.0067,0
4470,0.0,0
4474,0.0,0
4493,0.0,0
4494,0.0,0
4497,0.0,0
4498,0.0,0
4502,0.0,0
4503,0.0,0
4505,0.0,0
4510,0.0,0
4516,0.0,0
4517,0.0,0
4518,0.0,0
4523,0.0,0
4524,0.0,0
4529,0.0,0
4532,0.0,0
4533,0.0,0
4534,0.0,0
4571,0.0,0
4578,0.0,0
4581,0.0,0
4583,0.0,0
4584,0.0,0
4586,0.0,0
4590,0.0,0
4591,0.0,0
4594,0.0,0
4597,0.0067,0
4601,0.0,0
4604,0.0,0
4607,0.01,0
4615,0.0,0
4621,0.0,0
4634,0.0133,0
4646,0.0,0
4651,0.0,0
4654,0.0,0
4655,0.0,0
4668,0.0033,0
4677,0.0,0
4700,0.0,0
4707,0.0,0
4716,0.0,0
4720,0.0,0
4721,0.0,0
4723,0.0,0
4727,0.0,0
4740,0.0433,0
4743,0.0,0
4744,0.0,0
4760,0.0,0
4779,0.0133,0
4789,0.0,0
4797,0.0,0
4802,0.0,0
4834,0.0,0
4838,0.0,0
4839,0.0033,0
4840,0.0,0
4860,0.0033,0
4864,0.0,0
4865,0.0,0
4867,0.0167,0
4883,0.0,0
4906,0.0067,0
4915,0.0,0
4921,0.0,0
4924,0.0,0
4950,0.0,0
4953,0.0,0
4958,0.0,0
4963,0.0,0
4977,0.0,0
4990,0.0,0
4991,0.0,0
5000,0.0,0
5016,0.0,0
5035,0.0,0
5039,0.0,0
5040,0.0,0
5063,0.0,0
5064,0.0,0
5078,0.0,0
5092,0.0,0
5103,0.0,0
5129,0.0,0
5130,0.0,0
5133,0.02,0
5144,0.0,0
5147,0.0,0
5151,0.0,0
5165,0.0,0
5174,0.0033,0
5180,0.0,0
5192,0.0133,0
5203,0.0,0
5214,0.0,0
5217,0.0033,0
5242,0.0,0
5245,0.0,0
5251,0.0,0
5263,0.0033,0
5264,0.0033,0
5289,0.0,0
5290,0.0,0
5293,0.0133,0
5300,0.0,0
5304,0.0,0
5331,0.0067,0
5336,0.0,0
5346,0.0,0
5354,0.0,0
5365,0.0,0
5408,0.0,0
5411,0.0,0
5424,0.0,0
5426,0.0,0
5443,0.0,0
5451,0.0067,0
5476,0.0,0
5489,0.0,0
5494,0.0,0
5495,0.0,0
5508,0.0,0
5527,0.0033,0
5548,0.0,0
5549,0.0067,0
5553,0.0,0
5561,0.0033,0
5562,0.0,0
5581,0.0,0
5584,0.0,0
5585,0.0,0
5609,0.0,0
5619,0.0733,0
5623,0.0,0
5624,0.0,0
5637,0.0,0
5640,0.0,0
5645,0.0,0
5646,0.0,0
5653,0.0,0
5658,0.0,0
5661,0.0,0
5666,0.0,0
5711,0.0,0
5722,0.0,0
5724,0.0,0
5725,0.0,0
5733,0.0,0
5742,0.0,0
5744,0.0,0
5752,0.0,0
5771,0.0,0
5773,0.0,0
5774,0.0,0
5804,0.0,0
5828,0.0,0
5848,0.0,0
5853,0.0033,0
5854,0.0,0
5861,0.0,0
5870,0.0,0
5885,0.0,0
5886,0.0,0
5888,0.0033,0
5890,0.0167,0
5892,0.0567,0
5896,0.0,0
5904,0.01,0
5923,0.0,0
5938,0.0,0
5944,0.0,0
5951,0.0,0
5954,0.0,0
5969,0.0,0
5976,0.0,0
5977,0.0,0
5988,0.01,0
6010,0.0,0
6029,0.0,0
6042,0.0033,0
6052,0.0,0
6056,0.0033,0
6057,0.02,0
6066,0.0,0
6068,0.0,0
6094,0.0033,0
6096,0.0,0
6114,0.0,0
6128,0.0033,0
6136,0.0,0
6147,0.0,0
6158,0.0033,0
6180,0.0233,0
6181,0.0,0
6193,0.0,0
6194,0.0,0
6206,0.0,0
6233,0.0,0
6235,0.0,0
6237,0.0,0
6241,0.0,0
6248,0.0067,0
6254,0.0,0
6261,0.0,0
6263,0.0033,0
6271,0.0,0
6315,0.0333,0
6320,0.0,0
6329,0.0,0
6335,0.0,0
6347,0.0,0
6352,0.0,0
6355,0.0,0
6363,0.0033,0
6364,0.0,0
6366,0.0,0
6367,0.0,0
6368,0.0,0
6379,0.0,0
6382,0.0,0
6391,0.0,0
6393,0.0,0
6396,0.0,0
6400,0.0,0
6402,0.0,0
6405,0.01,0
6407,0.0267,0
6408,0.0,0
6410,0.0,0
6411,0.0,0
6414,0.0,0
6420,0.0367,0
6425,0.0033,0
6427,0.0,0
6435,0.0,0
6438,0.0,0
6442,0.0,0
6448,0.0,0
6449,0.0,0
6451,0.0,0
6452,0.0,0
6474,0.0,0
6476,0.0,0
6477,0.0,0
6479,0.0,0
6481,0.0,0
6482,0.0,0
6485,0.01,0
6488,0.0033,0
6494,0.0,0
6496,0.0067,0
6500,0.0,0
6508,0.0,0
6509,0.0,0
6519,0.0,0
6525,0.0,0
6526,0.0,0
6556,0.0,0
6564,0.0,0
6568,0.0,0
6589,0.0033,0
6611,0.0,0
6622,0.0,0
6638,0.0,0
6643,0.0,0
6653,0.0,0
6659,0.0,0
6661,0.0,0
6670,0.01,0
6673,0.0,0
6676,0.02,0
6683,0.0033,0
6684,0.0,0
6685,0.0133,0
6706,0.0,0
6708,0.0033,0
6712,0.0,0
6714,0.0133,0
6722,0.0,0
6723,0.0,0
6727,0.0,0
6730,0.0,0
6756,0.0,0
6758,0.0,0
6781,0.0,0
6792,0.0,0
6796,0.0,0
6798,0.0,0
6804,0.0,0
6818,0.0,0
6834,0.0,0
6843,0.0,0
6844,0.0,0
6850,0.0,0
6889,0.0,0
6893,0.0,0
6909,0.0,0
6917,0.0,0
6921,0.0,0
6934,0.0,0
6940,0.0,0
6941,0.0,0
6957,0.0,0
6978,0.0,0
6997,0.0,0
7012,0.0,0
7021,0.0,0
7023,0.0,0
7053,0.0,0
7058,0.0067,0
7075,0.0,0
7094,0.0,0
7106,0.0,0
7108,0.0067,0
7115,0.0167,0
7116,0.0033,0
7118,0.01,0
7125,0.0067,0
7130,0.0,0
7142,0.0,0
7145,0.0,0
7151,0.0,0
7165,0.0,0
7189,0.0,0
7198,0.0,0
7208,0.0033,0
7211,0.0,0
7217,0.0,0
7246,0.0,0
7248,0.0,0
7257,0.0,0
7258,0.0,0
7262,0.0,0
7263,0.0,0
7269,0.0,0
7275,0.0,0
7323,0.0,0
7336,0.0,0
7352,0.0,0
7353,0.0033,0
7385,0.0,0
7426,0.0,0
7436,0.0,0
7471,0.0,0
7497,0.0,0
7529,0.0,0
7536,0.0,0
7541,0.0,0
7558,0.0033,0
7564,0.0,0
7620,0.0,0
7622,0.0,0
7626,0.0033,0
7648,0.0,0
7662,0.01,0
7678,0.0067,0
7736,0.0,0
7744,0.0033,0
7750,0.0,0
7793,0.0,0
7823,0.0,0
7839,0.0,0
7844,0.0,0
7853,0.0,0
7859,0.0,0
7866,0.0,0
7885,0.0,0
7888,0.01,0
7917,0.0,0
7928,0.0,0
7939,0.0,0
7987,0.0,0
7989,0.0,0
8043,0.0,0
8051,0.0,0
8064,0.0,0
8071,0.0,0
8080,0.0,0
8103,0.0,0
8118,0.0,0
8145,0.0,0
8148,0.0,0
8160,0.0033,0
8165,0.0,0
8231,0.0,0
8246,0.0033,0
8291,0.0,0
8325,0.0033,0
8338,0.0,0
8346,0.0667,0
8362,0.0,0
8372,0.0,0
8394,0.0,0
8398,0.0,0
8420,0.0,0
8435,0.01,0
8450,0.0,0
8455,0.0,0
8461,0.0,0
8487,0.0,0
8504,0.0,0
8519,0.0,0
8520,0.0,0
8537,0.0,0
8556,0.0,0
8558,0.0,0
8560,0.0,0
8561,0.02,0
8573,0.0,0
8582,0.0,0
8588,0.0,0
8610,0.0,0
8618,0.0,0
8624,0.0167,0
8638,0.0,0
8647,0.0,0
8672,0.0,0
8702,0.0,0
8749,0.0,0
8757,0.0,0
8786,0.0,0
8825,0.0,0
8891,0.0,0
8914,0.0,0
8935,0.0033,0
8940,0.0,0
8952,0.0,0
8953,0.0,0
8968,0.0,0
8975,0.0,0
8978,0.0,0
8991,0.0,0
8994,0.0,0
9036,0.0133,0
9040,0.0,0
9048,0.0,0
9051,0.0,0
9071,0.0,0
9082,0.0,0
9083,0.0,0
9087,0.0,0
9127,0.0,0
9146,0.0,0
9166,0.0,0
9191,0.0,0
9209,0.0,0
9211,0.0,0
9212,0.0,0
9217,0.0033,0
9223,0.0,0
9227,0.01,0
9270,0.0233,0
9293,0.0,0
9304,0.0,0
9308,0.0,0
9368,0.0,0
9370,0.0,0
9378,0.0,0
9393,0.0,0
9422,0.0,0
9426,0.0,0
9437,0.0067,0
9441,0.0,0
9442,0.0333,0
9473,0.0,0
9516,0.0,0
9523,0.0,0
9538,0.0,0
9546,0.0,0
9553,0.0,0
9563,0.1933,0
9564,0.0,0
9565,0.0,0
9582,0.0,0
9600,0.0,0
9642,0.0,0
9651,0.0,0
9656,0.0,0
9673,0.0,0
9674,0.0167,0
9689,0.0,0
9692,0.0033,0
9699,0.0033,0
9703,0.0,0
9714,0.0,0
9719,0.0,0
9723,0.0,0
9746,0.0,0
9750,0.0,0
9751,0.0,0
9792,0.0,0
9810,0.0,0
9816,0.0,0
9835,0.0,0
9851,0.0,0
9892,0.0,0
9914,0.0,0
9918,0.0,0
9920,0.0,0
9922,0.0,0
9934,0.0,0
9942,0.0133,0
9956,0.0,0
9960,0.0,0
9964,0.0,0
9989,0.0,0
10012,0.0,0
10045,0.0,0
10051,0.0033,0
10053,0.0,0
10079,0.0,0
10124,0.0,0
10125,0.0067,0
10147,0.0,0
10160,0.0,0
10203,0.0,0
10217,0.0,0
10249,0.0067,0
10250,0.0,0
10251,0.0,0
10252,0.0,0
10271,0.0,0
10272,0.0,0
10306,0.0,0
10316,0.0,0
10320,0.0,0
10334,0.0,0
10336,0.0,0
10363,0.0,0
10392,0.0,0
10395,0.0467,0
10427,0.0,0
10432,0.0,0
10440,0.0,0
10451,0.0,0
10456,0.0167,0
10463,0.0367,0
10465,0.0867,0
10468,0.0167,0
10477,0.0167,0
10488,0.0,0
10489,0.0,0
10494,0.0,0
10497,0.0,0
10498,0.0133,0
10500,0.06,0
10505,0.0033,0
10516,0.0,0
10530,0.0,0
10532,0.0067,0
10538,0.0,0
10556,0.0,0
10590,0.0067,0
10595,0.0,0
10599,0.0,0
10617,0.0,0
10620,0.0,0
10643,0.0,0
10645,0.0,0
10656,0.0,0
10657,0.0,0
10667,0.0033,0
10683,0.0067,0
10688,0.0,0
10691,0.0,0
10729,0.0,0
10746,0.0033,0
10779,0.0,0
10782,0.0,0
10785,0.0,0
10809,0.0,0
10818,0.0033,0
10904,0.0,0
10909,0.0,0
10921,0.0,0
10968,0.0,0
10993,0.0,0
11008,0.0033,0
11017,0.0,0
11032,0.0,0
11056,0.0,0
11066,0.0,0
11078,0.0,0
11105,0.0,0
11110,0.0,0
11113,0.0,0
11183,0.0,0
11219,0.0,0
11248,0.0,0
11259,0.0,0
11263,0.0067,0
11266,0.0,0
11276,0.0033,0
11309,0.0,0
11316,0.0,0
11323,0.0,0
11347,0.0,0
11363,0.0033,0
11381,0.0,0
11434,0.0,0
11457,0.0,0
11479,0.0167,0
11487,0.0033,0
11503,0.0,0
11544,0.0033,0
11587,0.0033,0
11600,0.0,0
11601,0.0,0
11602,0.0,0
11610,0.0,0
11624,0.0,0
11630,0.0,0
11637,0.0,0
11669,0.0,0
11683,0.0,0
11685,0.0,0
11710,0.0,0
11729,0.0,0
11759,0.0,0
11760,0.0067,0
11786,0.0,0
11807,0.26,0
11818,0.0,0
11819,0.0067,0
11843,0.0067,0
11855,0.0067,0
11863,0.0,0
11866,0.0033,0
11873,0.0,0
11897,0.0,0
11906,0.0,0
11912,0.0,0
11914,0.01,0
11920,0.0,0
11925,0.0,0
11934,0.0,0
11954,0.0067,0
11986,0.0,0
12034,0.0,0
12071,0.0,0
12104,0.0,0
12113,0.0,0
12122,0.0,0
12124,0.0,0
12125,0.0,0
12129,0.0,0
12159,0.0,0
12174,0.0,0
12219,0.0,0
12224,0.0,0
12243,0.0,0
12258,0.0,0
12269,0.0,0
12275,0.0067,0
12276,0.0,0
12290,0.0,0
12294,0.0,0
12303,0.0,0
12314,0.0,0
12324,0.0,0
12327,0.0,0
12339,0.0,0
12347,0.0,0
12353,0.0,0
12361,0.0,0
12366,0.0,0
12375,0.0,0
12388,0.0,0
12391,0.0,0
12400,0.0,0
12419,0.0,0
12436,0.0,0
12444,0.0,0
12446,0.0,0
12461,0.0,0
12474,0.0,0
12502,0.0,0
12508,0.0067,0
12526,0.0,0
12532,0.0,0
12535,0.0333,0
12559,0.0033,0
12592,0.0,0
12594,0.0,0
12604,0.0,0
12623,0.0,0
12630,0.0,0
12644,0.0,0
12645,0.0,0
12657,0.17,0
12682,0.0,0
12694,0.0,0
12696,0.0,0
12724,0.0,0
12759,0.0,0
12763,0.0,0
12821,0.0,0
12839,0.0,0
12842,0.0,0
12915,0.0,0
12926,0.0,0
12962,0.0033,0
12996,0.0,0
12998,0.0067,0
13010,0.0,0
13019,0.0,0
13050,0.0,0
13055,0.0,0
13059,0.0,0
13088,0.0,0
13089,0.0033,0
13103,0.0,0
13123,0.0,0
13132,0.0,0
13136,0.0,0
13155,0.0,0
13158,0.0033,0
13164,0.0067,0
13173,0.0,0
13189,0.0,0
13213,0.0,0
13320,0.0,0
13329,0.0,0
13355,0.0,0
13362,0.0,0
13387,0.0,0
13393,0.0,0
13396,0.0,0
13430,0.0,0
13436,0.0,0
13438,0.0,0
13449,0.0,0
13454,0.0,0
13462,0.0,0
13484,0.0,0
13494,0.0,0
13498,0.0,0
13510,0.0,0
13511,0.0,0
13520,0.0,0
13526,0.0,0
13531,0.0,0
13536,0.0,0
13546,0.0,0
13551,0.0,0
13557,0.0,0
13565,0.0,0
13580,0.0,0
13665,0.0033,0
13668,0.0,0
13699,0.0,0
13706,0.0,0
13723,0.0,0
13724,0.0,0
13725,0.0267,0
13727,0.0,0
13741,0.0,0
13744,0.0,0
13746,0.01,0
13750,0.02,0
13755,0.0033,0
13756,0.0,0
13802,0.0,0
13807,0.0,0
13835,0.0,0
13842,0.0033,0
13844,0.0,0
13884,0.0,0
13892,0.0,0
13918,0.0,0
13919,0.0,0
13925,0.0,0
13938,0.0,0
13942,0.0,0
13989,0.0,0
13995,0.0,0
13999,0.0,0
14047,0.0,0
14191,0.0,0
14210,0.0,0
14212,0.0,0
14216,0.0,0
14228,0.0,0
14234,0.0,0
14236,0.0,0
14237,0.0,0
14238,0.0,0
14239,0.0,0
14243,0.0133,0
14244,0.0,0
14246,0.0,0
14248,0.01,0
14250,0.0,0
14251,0.0,0
14255,0.0,0
14258,0.0033,0
14259,0.0,0
14261,0.0,0
14264,0.0,0
14268,0.0,0
14272,0.0,0
14274,0.0,0
14277,0.0,0
14278,0.01,0
14311,0.0,0
14312,0.0067,0
14319,0.0,0
14320,0.0,0
14323,0.0067,0
14330,0.0,0
14337,0.0,0
14340,0.0,0
14344,0.0,0
14345,0.0,0
14370,0.0,0
14401,0.0,0
14402,0.0,0
14403,0.0,0
14437,0.0067,0
14439,0.0,0
14441,0.0,0
14459,0.0,0
14463,0.0,0
14484,0.0,0
14485,0.0,0
14486,0.0,0
14491,0.0,0
14497,0.0,0
14511,0.0,0
14512,0.0,0
14519,0.0167,0
14549,0.0,0
14560,0.0,0
14563,0.0,0
14575,0.0,0
14576,0.0,0
14586,0.0,0
14587,0.0,0
14589,0.0,0
14636,0.0,0
14705,0.03,0
14713,0.0,0
14715,0.0,0
14716,0.0,0
14719,0.0,0
14730,0.0833,0
14734,0.0,0
14736,0.0,0
14740,0.0,0
14743,0.0,0
14750,0.0,0
14752,0.0,0
14753,0.0,0
14756,0.0,0
14757,0.0,0
14758,0.0,0
14761,0.0,0
14762,0.0,0
14771,0.0,0
14793,0.0,0
14798,0.0033,0
14799,0.0,0
14800,0.0,0
14801,0.0,0
14802,0.0,0
14804,0.0,0
14805,0.0,0
14806,0.0,0
14807,0.0,0
14811,0.0,0
14816,0.0,0
14830,0.0,0
14848,0.0,0
14849,0.0,0
14889,0.0,0
14893,0.0,0
14895,0.0,0
14903,0.0,0
14977,0.0,0
14978,0.0,0
14980,0.0,0
15007,0.0,0
15010,0.02,0
15013,0.0,0
15015,0.0,0
15016,0.0,0
15132,0.0,0
15133,0.0,0
15158,0.0,0
15234,0.0,0
15273,0.0,0
15308,0.0,0
15311,0.0,0
15312,0.0,0
15314,0.0133,0
15315,0.0,0
15317,0.0,0
15328,0.0,0
15360,0.0,0
15381,0.0,0
15420,0.0,0
15425,0.0,0
15436,0.0,0
15440,0.0,0
15441,0.0033,0
15442,0.0,0
15444,0.0,0
15452,0.0367,0
15453,0.0,0
15482,0.0,0
15516,0.0,0
15848,0.0,0
16061,0.0,0
16064,0.0,0
16417,0.0067,0
16461,0.0,0
17028,0.0,0
17048,0.0,0
17601,0.0333,0
17752,0.0,0
17777,0.0,0
17778,0.0,0
17880,0.0,0
17900,0.0,0
17905,0.0,0
17917,0.0,0
18184,0.0,0
18198,0.0,0
18204,0.0,0
18278,0.0,0
18279,0.0067,0
18287,0.0,0
18289,0.0,0
18342,0.0,0
18441,0.0,0
18477,0.0,0
18505,0.0,0
18567,0.0,0
18568,0.0,0
18576,0.0,0
18581,0.0,0
18588,0.0,0
18598,0.0,0
18601,0.0,0
18605,0.0,0
18611,0.0,0
18634,0.0,0
18653,0.0,0
18658,0.0,0
18681,0.0,0
18685,0.0,0
18694,0.03,0
18711,0.0,0
18741,0.0,0
18756,0.0,0
18763,0.0,0
18767,0.0,0
18771,0.0,0
18799,0.0,0
18838,0.0,0
18842,0.0,0
18844,0.0,0
18850,0.0,0
18873,0.0,0
18905,0.0,0
18906,0.0,0
18917,0.0067,0
18924,0.0,0
18942,0.0,0
18972,0.0033,0
18981,0.0,0
18982,0.0,0
18985,0.0,0
18988,0.0,0
19008,0.0,0
19009,0.0067,0
19010,0.0,0
19022,0.0,0
19027,0.01,0
19029,0.0,0
19037,0.0,0
19055,0.0,0
19058,0.0,0
19061,0.0,0
19062,0.0,0
19064,0.0,0
19066,0.0,0
19071,0.0,0
19079,0.0,0
19093,0.0,0
19118,0.0,0
19129,0.0,0
19134,0.0,0
19135,0.0,0
19137,0.0,0
19139,0.0,0
19143,0.0,0
19147,0.0,0
19152,0.0,0
19159,0.0,0
19165,0.0,0
19166,0.0,0
19168,0.0033,0
19170,0.0,0
19180,0.0,0
19189,0.0,0
19194,0.01,0
19196,0.0,0
19198,0.0,0
19205,0.0333,0
19212,0.0,0
19223,0.0,0
19226,0.0,0
19231,0.0,0
19232,0.0,0
19235,0.0,0
19236,0.0,0
19242,0.03,0
19266,0.0,0
19279,0.0,0
19282,0.0467,0
19283,0.0,0
19288,0.0,0
19329,0.0,0
19359,0.0,0
19361,0.0,0
19364,0.0,0
19366,0.0033,0
19368,0.0,0
19369,0.0,0
19373,0.0,0
19391,0.0,0
19395,0.0,0
19404,0.0,0
19432,0.0,0
19433,0.0,0
19437,0.0,0
19454,0.0,0
19459,0.0,0
19468,0.0,0
19471,0.0,0
19476,0.0,0
19479,0.0,0
19480,0.0,0
19484,0.0,0
19485,0.0,0
19488,0.0,0
19507,0.0,0
19512,0.0,0
19515,0.0,0
19524,0.0,0
19528,0.0,0
19554,0.0,0
19568,0.0033,0
19573,0.0,0
19579,0.0,0
19581,0.0,0
19599,0.0,0
19616,0.0,0
19618,0.0,0
19627,0.0033,0
19634,0.0,0
19638,0.0033,0
19643,0.0,0
19647,0.0,0
19667,0.0,0
19669,0.0,0
19673,0.0,0
19685,0.0,0
19689,0.0,0
19691,0.0,0
19698,0.0,0
19699,0.0,0
19703,0.0,0
19717,0.0,0
19722,0.0,0
19731,0.0,0
19732,0.0,0
19758,0.0,0
19766,0.0,0
19772,0.0,0
19779,0.0,0
19786,0.0,0
19788,0.0,0
19794,0.0,0
19795,0.0,0
19806,0.0,0
19809,0.0,0
19813,0.0,0
19816,0.0,0
19821,0.0,0
19828,0.0,0
19830,0.0,0
19839,0.0,0
19843,0.0,0
19847,0.0,0
19853,0.0,0
19879,0.0133,0
19881,0.0,0
19886,0.0,0
19890,0.02,0
19891,0.0033,0
19903,0.0,0
19905,0.0,0
19907,0.0,0
19908,0.0,0
19922,0.0,0
19927,0.0,0
19933,0.0,0
19941,0.0,0
19961,0.0,0
19970,0.0,0
19971,0.0,0
19977,0.0,0
19985,0.0,0
19986,0.0,0
19997,0.0,0
19998,0.0,0
19999,0.0,0
20005,0.0,0
20007,0.01,0
20009,0.0,0
20010,0.0133,0
20015,0.0,0
20018,0.0,0
20019,0.0,0
20020,0.0,0
20036,0.0,0
20038,0.0,0
20042,0.0,0
20049,0.0,0
20050,0.0,0
20052,0.0,0
20053,0.0,0
20061,0.0,0
20062,0.0,0
20065,0.0067,0
20073,0.0,0
20077,0.0033,0
20083,0.0,0
20085,0.0,0
20093,0.0033,0
20099,0.0,0
20100,0.0,0
20104,0.0,0
20109,0.0,0
20115,0.0,0
20126,0.0233,0
20136,0.0,0
20139,0.0,0
20140,0.0,0
20151,0.0,0
20154,0.0,0
20156,0.0,0
20161,0.0,0
20166,0.0,0
20170,0.0,0
20178,0.0,0
20182,0.0,0
20183,0.0,0
20184,0.0,0
20195,0.0,0
20199,0.0,0
20200,0.0,0
20202,0.0,0
20203,0.0,0
20207,0.0033,0
20216,0.0,0
20217,0.0,0
20218,0.0,0
20220,0.0033,0
20221,0.0,0
20225,0.0033,0
20233,0.01,0
20236,0.0,0
20237,0.0,0
20247,0.0,0
20248,0.0,0
20251,0.0,0
20252,0.0,0
20273,0.0,0
20274,0.0,0
20276,0.0,0
20287,0.0,0
20290,0.0,0
20298,0.0,0
20301,0.0,0
20305,0.0,0
20314,0.0,0
20316,0.0,0
20321,0.0,0
20328,0.0,0
20329,0.0,0
20334,0.0,0
20337,0.0,0
20343,0.0,0
20345,0.0,0
20346,0.0,0
20347,0.0,0
20349,0.0,0
20351,0.0,0
20356,0.0,0
20383,0.0,0
20386,0.0033,0
20398,0.0,0
20433,0.0,0
20437,0.0,0
20444,0.0,0
20445,0.0,0
20446,0.0,0
20451,0.0,0
20471,0.0,0
20473,0.0067,0
20475,0.0,0
20488,0.0,0
20496,0.0,0
20498,0.0067,0
20503,0.0,0
20508,0.0,0
20510,0.0,0
20520,0.0,0
20522,0.0,0
20530,0.0,0
20532,0.0,0
20533,0.0,0
20535,0.0,0
20536,0.0,0
20537,0.0033,0
20539,0.0,0
20540,0.0,0
20541,0.0,0
20544,0.0,0
20556,0.0,0
20557,0.0,0
20558,0.0,0
20563,0.0,0
20571,0.0,0
20572,0.0,0
20573,0.0,0
20578,0.0033,0
20583,0.0,0
20587,0.0,0
20591,0.0,0
20596,0.0,0
20597,0.0,0
20602,0.0,0
20619,0.0,0
20620,0.0,0
20621,0.0,0
20624,0.0,0
20629,0.0,0
20630,0.0,0
20631,0.0,0
20634,0.0,0
20640,0.0133,0
20646,0.0,0
20648,0.0,0
20652,0.0,0
20656,0.0,0
20658,0.0067,0
20659,0.0,0
20662,0.0,0
20668,0.0,0
20672,0.0,0
20673,0.01,0
20674,0.0,0
20677,0.0,0
20695,0.0,0
20699,0.0,0
20707,0.0,0
20715,0.0,0
20717,0.0,0
20720,0.0,0
20734,0.0,0
20735,0.0067,0
20744,0.0033,0
20748,0.0,0
20751,0.0,0
20754,0.0,0
20755,0.0,0
20756,0.0,0
20761,0.0,0
20762,0.0,0
20764,0.0,0
20765,0.0,0
20770,0.0,0
20773,0.0,0
20777,0.0,0
20781,0.0,0
20784,0.0,0
20799,0.0,0
20804,0.0,0
20805,0.0,0
20823,0.0,0
20826,0.0,0
20838,0.0,0
20859,0.0,0
20865,0.0,0
20872,0.0,0
20884,0.0,0
20890,0.0,0
20891,0.0,0
20894,0.01,0
20899,0.0,0
20902,0.0,0
20923,0.0,0
20934,0.0,0
20936,0.0,0
20943,0.0,0
20953,0.0,0
20963,0.0,0
20966,0.0,0
20975,0.0167,0
20989,0.0,0
20992,0.0,0
20993,0.0,0
20996,0.0,0
21013,0.0233,0
21015,0.0,0
21016,0.0,0
21019,0.0,0
21020,0.0,0
21024,0.0,0
21035,0.0,0
21038,0.0,0
21040,0.02,0
21041,0.0,0
21046,0.0,0
21047,0.0,0
21051,0.0,0
21052,0.0,0
21061,0.0033,0
21063,0.0033,0
21070,0.0433,0
21072,0.0,0
21074,0.01,0
21078,0.0,0
21085,0.0,0
21090,0.0,0
21094,0.0,0
21097,0.0,0
21098,0.0,0
21101,0.0333,0
21110,0.0,0
21118,0.0,0
21131,0.0,0
21132,0.0,0
21144,0.0,0
21155,0.0,0
21162,0.0,0
21171,0.0033,0
21180,0.0,0
21185,0.0,0
21188,0.0,0
21191,0.0,0
21194,0.0,0
21206,0.0067,0
21208,0.0,0
21210,0.0,0
21212,0.0,0
21218,0.0,0
21231,0.0,0
21236,0.0033,0
21246,0.0,0
21247,0.0,0
21248,0.0033,0
21249,0.0,0
21251,0.0067,0
21265,0.0033,0
21283,0.0,0
21290,0.0,0
21291,0.0,0
21300,0.0,0
21301,0.0,0
21302,0.0,0
21304,0.0,0
21306,0.0,0
21314,0.0,0
21316,0.0033,0
21317,0.0,0
21321,0.0,0
21328,0.0,0
21332,0.0033,0
21335,0.0,0
21338,0.0,0
21341,0.0,0
21345,0.0033,0
21349,0.0,0
21356,0.0,0
21364,0.0,0
21368,0.0,0
21397,0.0,0
21399,0.0,0
21401,0.0,0
21405,0.0,0
21409,0.0,0
21410,0.0167,0
21418,0.0,0
21420,0.0,0
21426,0.0,0
21428,0.0,0
21430,0.0,0
21442,0.0,0
21447,0.0433,0
21449,0.0,0
21455,0.03,0
21458,0.0,0
21463,0.0,0
21489,0.0,0
21498,0.0,0
21515,0.0033,0
21516,0.0033,0
21518,0.0,0
21520,0.0,0
21521,0.0,0
21529,0.0,0
21542,0.0,0
21544,0.0,0
21546,0.0,0
21550,0.0,0
21581,0.0,0
21588,0.0,0
21596,0.0,0
21610,0.0,0
21615,0.0,0
21624,0.0,0
21636,0.0,0
21637,0.0,0
21648,0.0,0
21650,0.0033,0
21654,0.0,0
21663,0.0,0
21665,0.0,0
21667,0.0,0
21673,0.0,0
21684,0.0,0
21690,0.0,0
21691,0.0,0
21695,0.0,0
21696,0.0,0
21705,0.0,0
21706,0.0,0
21708,0.0,0
21710,0.0,0
21723,0.0,0
21727,0.0,0
21734,0.0,0
21735,0.0,0
21738,0.0,0
21742,0.0033,0
21750,0.0,0
21754,0.0033,0
21757,0.0,0
21768,0.0,0
21769,0.0,0
21770,0.0,0
21771,0.0,0
21772,0.0033,0
21773,0.0,0
21779,0.0,0
21784,0.0,0
21786,0.0,0
21787,0.0,0
21800,0.0,0
21811,0.0,0
21816,0.0,0
21825,0.0,0
21833,0.0,0
21839,0.0,0
21855,0.0,0
21865,0.0,0
21871,0.0,0
21875,0.0,0
21885,0.0,0
21886,0.0067,0
21889,0.0,0
21891,0.0,0
21895,0.0,0
21896,0.0,0
21898,0.0,0
21900,0.0,0
21904,0.0,0
21912,0.0,0
21915,0.0,0
21942,0.0,0
21947,0.7567,1
21956,0.0,0
21961,0.0033,0
21967,0.01,0
21969,0.0,0
21975,0.0067,0
21976,0.03,0
21983,0.0,0
21994,0.0033,0
21998,0.0,0
22006,0.0,0
22010,0.0,0
22024,0.0,0
22039,0.0,0
22040,0.0,0
22042,0.0033,0
22046,0.0,0
22048,0.0,0
22059,0.0,0
22065,0.0,0
22069,0.0,0
22074,0.0067,0
22079,0.0,0
22086,0.0033,0
22088,0.02,0
22092,0.0,0
22095,0.0,0
22098,0.0,0
22104,0.0,0
22107,0.0,0
22109,0.0,0
22118,0.0,0
22136,0.0,0
22137,0.0,0
22142,0.0,0
22151,0.0033,0
22152,0.0,0
22161,0.0,0
22172,0.72,1
22173,0.0,0
22175,0.0533,0
22180,0.0,0
22190,0.0,0
22192,0.0,0
22200,0.0,0
22202,0.0,0
22207,0.2533,0
22221,0.0067,0
22234,0.0,0
22235,0.0,0
22246,0.0,0
22247,0.0,0
22248,0.0,0
22251,0.0,0
22257,0.0433,0
22261,0.0,0
22268,0.0,0
22274,0.0,0
22277,0.0,0
22280,0.0,0
22283,0.0,0
22291,0.0,0
22293,0.0,0
22294,0.0,0
22297,0.0,0
22298,0.0,0
22309,0.0067,0
22310,0.0,0
22328,0.0,0
22331,0.0,0
22333,0.0,0
22335,0.0,0
22336,0.0,0
22337,0.0,0
22339,0.04,0
22340,0.0,0
22343,0.0,0
22346,0.5333,1
22347,0.0,0
22350,0.0,0
22351,0.0,0
22355,0.0,0
22358,0.0,0
22361,0.0,0
22363,0.0,0
22365,0.0,0
22366,0.0,0
22368,0.0,0
22369,0.0,0
22370,0.0,0
22371,0.0,0
22372,0.0,0
22373,0.0,0
22379,0.0,0
22382,0.0,0
22385,0.0,0
22388,0.0,0
22394,0.0233,0
22395,0.07,0
22396,0.0,0
22400,0.0,0
22401,0.0,0
22406,0.0,0
22407,0.0,0
22408,0.0,0
22411,0.0367,0
22412,0.0,0
22415,0.0,0
22418,0.0,0
22419,0.0,0
22421,0.55,1
22425,0.0133,0
22429,0.0,0
22430,0.0067,0
22433,0.0,0
22434,0.0,0
22440,0.0,0
22442,0.0,0
22444,0.0,0
22454,0.03,0
22456,0.0,0
22458,0.0,0
22462,0.0,0
22466,0.0033,0
22468,0.0,0
22469,0.0,0
22471,0.0,0
22472,0.0,0
22473,0.0,0
22475,0.0,0
22477,0.0,0
22478,0.0,0
22479,0.0,0
22480,0.0,0
22496,0.14,0
22499,0.0,0
22501,0.0,0
22505,0.0,0
22512,0.0,0
22519,0.3433,0
22521,0.0,0
22522,0.0,0
22527,0.0,0
22532,0.2567,0
22550,0.0233,0
22554,0.0,0
22557,0.0233,0
22561,0.0133,0
22564,0.0,0
22570,0.0333,0
22573,0.0,0
22574,0.0,0
22576,0.0533,0
22577,0.0,0
22578,0.0,0
22579,0.0,0
22580,0.0,0
22583,0.0067,0
22584,0.0,0
22585,0.0,0
22586,0.0,0
22587,0.0267,0
22597,0.2367,0
22601,0.0,0
22604,0.0033,0
22610,0.0,0
22616,0.01,0
22621,0.0533,0
22624,0.0133,0
22637,0.0,0
22646,0.0,0
22649,0.0,0
22651,0.0033,0
22662,0.0,0
22664,0.0,0
22665,0.0,0
22670,0.0,0
22684,0.0,0
22686,0.0,0
22687,0.0033,0
22689,0.0,0
22691,0.0,0
22694,0.0,0
22695,0.03,0
22696,0.0,0
22700,0.0,0
22701,0.0,0
22706,0.0033,0
22708,0.0,0
22709,0.0,0
22710,0.0,0
22715,0.0,0
22716,0.0133,0
22719,0.0,0
22723,0.0,0
22727,0.0,0
22730,0.0,0
22733,0.0,0
22735,0.0,0
22737,0.1767,0
22738,0.0,0
22744,0.0,0
22746,0.03,0
22752,0.0,0
22760,0.0233,0
22761,0.0067,0
22774,0.07,0
22777,0.0,0
22779,0.0,0
22781,0.0,0
22782,0.02,0
22783,0.0,0
22787,0.0,0
22788,0.0,0
22791,0.0,0
22793,0.0,0
22794,0.0467,0
22795,0.0,0
22796,0.0,0
22798,0.0,0
22800,0.0,0
22805,0.0,0
22807,0.0,0
22812,0.0367,0
22819,0.0,0
22831,0.0267,0
22836,0.0,0
22839,0.0,0
22844,0.0333,0
22846,0.0,0
22848,0.2367,0
22851,0.0,0
22862,0.01,0
22863,0.0267,0
22864,0.0067,0
22881,0.0,0
22884,0.0,0
22885,0.0,0
22886,0.0,0
22887,0.0,0
22888,0.0067,0
22889,0.0,0
22891,0.0,0
22892,0.0,0
22893,0.0,0
22894,0.0,0
22896,0.0067,0
22897,0.0,0
22898,0.0,0
22899,0.0,0
22900,0.0,0
22910,0.0033,0
22912,0.0,0
22913,0.0033,0
22924,0.0,0
22930,0.0033,0
22936,0.0,0
22937,0.0733,0
22942,0.0,0
22945,0.0,0
22946,0.0,0
22949,0.0,0
22950,0.0,0
22952,0.0,0
22954,0.0,0
22955,0.0,0
22957,0.0,0
22961,0.0133,0
22962,0.0,0
22963,0.0,0
22968,0.0,0
22971,0.0,0
22973,0.0033,0
22975,0.0,0
22979,0.0733,0
22980,0.08,0
22984,0.59,1
22987,0.08,0
22989,0.31,0
22994,0.2333,0
22996,0.0133,0
22998,0.2033,0
22999,0.1167,0
23000,0.0067,0
23002,0.0233,0
23006,0.0033,0
23007,0.03,0
23009,0.3333,0
23011,0.0167,0
23015,0.0,0
23017,0.0067,0
23020,0.0833,0
23022,0.0,0
23024,0.0,0
23029,0.0,0
23033,0.0,0
23035,0.0,0
23036,0.0033,0
23037,0.0,0
23040,0.0,0
23042,0.0,0
23043,0.38,0
23044,0.0033,0
23045,0.0,0
23047,0.0,0
23053,0.0,0
23054,0.0,0
23055,0.0,0
23056,0.0,0
23057,0.1367,0
23059,0.0,0
23060,0.0,0
23061,0.0,0
23062,0.0,0
23063,0.0,0
23068,0.0033,0
23070,0.0,0
23071,0.0,0
23072,0.0,0
23073,0.0,0
23074,0.0,0
23075,0.0,0
23094,0.2433,0
23096,0.02,0
23099,0.0,0
23100,0.45,0
23104,0.0,0
23105,0.0,0
23106,0.0,0
23108,0.1633,0
23113,0.0033,0
23114,0.0,0
23115,0.0,0
23116,0.0,0
23118,0.0,0
23119,0.0,0
23120,0.0,0
23131,0.0,0
23133,0.01,0
23142,0.0,0
23143,0.0033,0
23150,0.0367,0
23161,0.0,0
23163,0.0,0
23165,0.0167,0
23167,0.0,0
23169,0.0667,0
23176,0.0,0
23188,0.0,0
23193,0.0,0
23197,0.0,0
23201,0.0,0
23209,0.0,0
23210,0.0,0
23213,0.0,0
23217,0.0,0
23219,0.0,0
23224,0.0,0
23227,0.0433,0
23228,0.14,0
23229,0.0,0
23231,0.0,0
23234,0.0,0
23250,0.0067,0
23261,0.0,0
23262,0.0033,0
23263,0.0,0
23264,0.0,0
23266,0.0,0
23275,0.0,0
23279,0.9,1
23284,0.0033,0
23289,0.0,0
23298,0.0,0
23300,0.0,0
23304,0.0,0
23307,0.0,0
23308,0.0,0
23312,0.0,0
23313,0.0,0
23314,0.0,0
23316,0.0,0
23317,0.0,0
23319,0.0,0
23322,0.0233,0
23323,0.0,0
23326,0.0,0
23334,0.0,0
23335,0.0833,0
23336,0.07,0
23340,0.4333,0
23344,0.0,0
23346,0.0467,0
23347,0.0,0
23348,0.0,0
23350,0.01,0
23364,0.0,0
23365,0.0,0
23404,0.0,0
23406,0.02,0
23407,0.0,0
23408,0.0,0
23409,0.0,0
23412,0.0,0
23413,0.0,0
23415,0.0133,0
23420,0.0,0
23423,0.0,0
23432,0.0,0
23446,0.07,0
23455,0.0,0
23462,0.0,0
23467,0.03,0
23469,0.0,0
23475,0.0,0
23483,0.0,0
23485,0.23,0
23486,0.0767,0
23493,0.0033,0
23495,0.0,0
23496,0.3367,0
23497,0.0,0
23498,0.0,0
23499,0.0,0
23502,0.0,0
23506,0.0133,0
23511,0.0,0
23520,0.0,0
23531,0.0,0
23534,0.0033,0
23536,0.0,0
23543,0.0,0
23550,0.0,0
23562,0.0033,0
23563,0.0,0
23571,0.0,0
23573,0.0,0
23582,0.2,0
23583,0.0,0
23584,0.0,0
23588,0.0033,0
23592,0.2633,0
23598,0.0,0
23602,0.04,0
23604,0.0,0
23621,0.0867,0
23629,0.0033,0
23637,0.0067,0
23638,0.0,0
23648,0.1,0
23658,0.0,0
23659,0.0367,0
23661,0.0,0
23663,0.0,0
23665,0.0,0
23669,0.0,0
23670,0.0,0
23672,0.0,0
23675,0.0,0
23676,0.0167,0
23679,0.0033,0
23680,0.0,0
23681,0.0,0
23682,0.0,0
23683,0.0,0
23684,0.0,0
23689,0.0,0
23691,0.0033,0
23693,0.0,0
23696,0.0,0
23697,0.0,0
23703,0.0,0
23706,0.26,0
23708,0.0,0
23711,0.0,0
23714,0.0,0
23717,0.14,0
23721,0.0,0
23723,0.0067,0
23724,0.0,0
23727,0.0,0
23731,0.13,0
23732,0.31,0
23733,0.0,0
23739,0.0,0
23740,0.0,0
23745,0.0,0
23748,0.2233,0
23750,0.1333,0
23753,0.0,0
23755,0.0,0
23757,0.0,0
23759,0.0,0
23762,0.0,0
23765,0.0,0
23766,0.0,0
23767,0.1567,0
23768,0.0033,0
23769,0.0,0
23770,0.0,0
23771,0.0,0
23772,0.0333,0
23773,0.02,0
23774,0.0,0
23775,0.0,0
23777,0.0,0
23778,0.0,0
23780,0.0,0
23783,0.0033,0
23791,0.0,0
23792,0.0,0
23803,0.0,0
23804,0.0,0
23805,0.0567,0
23812,0.0,0
23814,0.0,0
23817,0.0,0
23820,0.43,0
23823,0.0,0
23826,0.0,0
23828,0.0,0
23833,0.0,0
23834,0.0,0
23836,0.0,0
23837,0.1133,0
23839,0.0,0
23846,0.0,0
23847,0.0,0
23850,0.0433,0
23852,0.0,0
23853,0.0,0
23856,0.0,0
23859,0.0,0
23860,0.0,0
23875,0.0033,0
23877,0.0,0
23882,0.0,0
23887,0.0,0
23888,0.0,0
23894,0.0,0
23895,0.0,0
23899,0.0,0
23905,0.0,0
23907,0.3967,0
23922,0.0,0
23940,0.0,0
23946,0.0,0
23951,0.0,0
23952,0.0,0
23953,0.1767,0
23954,0.1433,0
23958,0.0433,0
23959,0.0,0
23961,0.0033,0
23964,0.0033,0
23971,0.0133,0
23974,0.0,0
23980,0.0,0
23984,0.0,0
23988,0.0,0
24001,0.0,0
24002,0.0,0
24003,0.12,0
24009,0.0,0
24010,0.0,0
24018,0.0,0
24019,0.04,0
24020,0.0,0
24021,0.0367,0
24028,0.0,0
24031,0.1467,0
24032,0.0067,0
24036,0.2133,0
24041,0.0,0
24044,0.1133,0
24046,0.3333,0
24051,0.0,0
24053,0.0033,0
24054,0.0,0
24055,0.0033,0
24058,0.0,0
24059,0.35,0
24076,0.0,0
24077,0.0,0
24078,0.25,0
24079,0.1833,0
24083,0.0067,0
24085,0.0,0
24090,0.0,0
24093,0.0,0
24095,0.1133,0
24096,0.06,0
24100,0.0,0
24102,0.0067,0
24103,0.0267,0
24107,0.09,0
24109,0.0067,0
24112,0.0133,0
24114,0.0,0
24117,0.0033,0
24120,0.0,0
24121,0.0033,0
24131,0.0033,0
24135,0.0,0
24136,0.0,0
24140,0.0,0
24141,0.0,0
24142,0.0,0
24146,0.0,0
24150,0.0,0
24151,0.0,0
24152,0.0,0
24153,0.0,0
24160,0.0,0
24164,0.0,0
24171,0.0,0
24176,0.0,0
24181,0.0033,0
24183,0.0,0
24187,0.0,0
24189,0.0,0
24190,0.1533,0
24191,0.9167,1
24196,0.0,0
24199,0.4033,0
24201,0.0467,0
24206,0.06,0
24212,0.0,0
24214,0.0,0
24216,0.58,1
24218,0.0067,0
24219,0.0767,0
24220,0.0067,0
24221,0.0133,0
24222,0.0,0
24224,0.17,0
24229,0.0367,0
24232,0.02,0
24234,0.91,1
24242,0.0,0
24249,0.0,0
24253,0.0033,0
24254,0.0,0
24259,0.0467,0
24262,0.0233,0
24266,0.0333,0
24269,0.0,0
24271,0.0,0
24272,0.0,0
24273,0.0,0
24277,0.0,0
24278,0.0,0
24280,0.02,0
24281,0.0,0
24282,0.0,0
24283,0.0,0
24284,0.0,0
24287,0.0,0
24288,0.0,0
24289,0.0,0
24293,0.0033,0
24294,0.0,0
24295,0.0,0
24296,0.0033,0
24298,0.0,0
24299,0.0,0
24300,0.0033,0
24302,0.0,0
24303,0.0,0
24304,0.0,0
24305,0.02,0
24306,0.0,0
24309,0.0,0
24315,0.0,0
24318,0.0,0
24319,0.0,0
24323,0.0,0
24331,0.0167,0
24334,0.11,0
24335,0.0,0
24339,0.0033,0
24341,0.0567,0
24344,0.1167,0
24347,0.0633,0
24353,0.0,0
24358,0.0,0
24361,0.0,0
24362,0.0,0
24363,0.0,0
24364,0.0,0
24365,0.0667,0
24370,0.0,0
24383,0.0,0
24387,0.0033,0
24388,0.0,0
24390,0.02,0
24393,0.0,0
24397,0.0,0
24398,0.0,0
24407,0.0433,0
24415,0.0,0
24423,0.0,0
24427,0.7367,1
24429,0.0067,0
24433,0.0,0
24439,0.1133,0
24447,0.0,0
24448,0.0,0
24451,0.0033,0
24454,0.0,0
24459,0.0,0
24463,0.1167,0
24464,0.0067,0
24467,0.0,0
24469,0.0,0
24472,0.0,0
24474,0.0,0
24481,0.0,0
24483,0.0,0
24488,0.0,0
24491,0.0,0
24494,0.0,0
24498,0.0,0
24499,0.01,0
24501,0.0,0
24507,0.0,0
24508,0.0,0
24509,0.0,0
24511,0.0,0
24513,0.0,0
24514,0.0067,0
24516,0.0,0
24517,0.0,0
24521,0.0,0
24522,0.0,0
24524,0.0,0
24528,0.07,0
24531,0.0067,0
24535,0.0,0
24536,0.0,0
24538,0.0,0
24543,0.0,0
24547,0.0033,0
24549,0.0,0
24551,0.0267,0
24552,0.0,0
24554,0.0,0
24556,0.0,0
24557,0.0,0
24561,0.0,0
24562,0.0,0
24563,0.0,0
24566,0.0,0
24571,0.0,0
24573,0.0067,0
24576,0.0033,0
24581,0.0,0
24583,0.0,0
24585,0.0,0
24586,0.01,0
24588,0.0,0
24590,0.0,0
24595,0.0,0
24599,0.0,0
24606,0.0,0
24608,0.0,0
24610,0.0,0
24611,0.0,0
24612,0.0,0
24613,0.0,0
24640,0.0,0
24645,0.0,0
24665,0.4233,0
24677,0.0,0
24682,0.0,0
24683,0.0,0
24692,0.0,0
24695,0.0,0
24697,0.0,0
24701,0.0133,0
24720,0.0367,0
24722,0.6867,1
24729,0.0,0
24730,0.0,0
24737,0.0,0
24741,0.74,1
24743,0.05,0
24747,0.0,0
24752,0.0,0
24763,0.2233,0
24764,0.33,0
24766,0.0033,0
24769,0.0033,0
24770,0.0,0
24773,0.0,0
24774,0.04,0
24775,0.0,0
24779,0.0033,0
24782,0.0,0
24783,0.0,0
24787,0.0,0
24791,0.0,0
24794,0.0,0
24799,0.0,0
24803,0.02,0
24809,0.0,0
24811,0.0,0
24812,0.0,0
24813,0.0033,0
24814,0.0067,0
24815,0.0,0
24817,0.0,0
24819,0.0,0
24829,0.0,0
24836,0.0,0
24837,0.0,0
24838,0.0,0
24843,0.0,0
24845,0.1067,0
24851,0.0133,0
24854,0.0,0
24856,0.02,0
24857,0.0,0
24860,0.0,0
24865,0.0,0
24867,0.1367,0
24870,0.0,0
24872,0.0,0
24874,0.0,0
24875,0.09,0
24878,0.4433,0
24879,0.0,0
24887,0.0533,0
24891,0.2467,0
24893,0.0,0
24899,0.0167,0
24901,0.0167,0
24904,0.0,0
24907,0.3733,0
24910,0.0033,0
24913,0.3367,0
24914,0.0,0
24915,0.06,0
24919,0.0,0
24920,0.0,0
24925,0.0,0
24927,0.0,0
24933,0.0,0
24936,0.0,0
24940,0.0,0
24943,0.0,0
24947,0.0,0
24949,0.0,0
24951,0.0,0
24953,0.0,0
24955,0.0,0
24957,0.17,0
24958,0.0,0
24959,0.0,0
24960,0.0,0
24961,0.0,0
24963,0.0,0
24965,0.0,0
24966,0.0,0
24967,0.0,0
24968,0.0,0
24969,0.0033,0
24975,0.0,0
24982,0.59,1
24990,0.0,0
24992,0.0,0
25001,0.0,0
25003,0.0067,0
25009,0.0067,0
25012,0.0133,0
25013,0.0,0
25031,0.0,0
25033,0.25,0
25043,0.0,0
25046,0.0233,0
25053,0.43,0
25059,0.01,0
25062,0.0,0
25063,0.0,0
25069,0.0,0
25073,0.0033,0
25075,0.0,0
25076,0.0133,0
25083,0.0,0
25086,0.0567,0
25087,0.0,0
25089,0.0,0
25090,0.0,0
25092,0.0,0
25094,0.0,0
25095,0.0,0
25096,0.0,0
25100,0.0,0
25107,0.0067,0
25118,0.0,0
25124,0.0,0
25138,0.07,0
25151,0.12,0
25157,0.0,0
25165,0.0,0
25169,0.01,0
25171,0.6533,1
25178,0.0167,0
25181,0.0433,0
25188,0.0,0
25190,0.0067,0
25191,0.0,0
25192,0.0,0
25194,0.0,0
25195,0.0,0
25196,0.0,0
25199,0.0,0
25203,0.0,0
25204,0.0,0
25205,0.0,0
25206,0.0,0
25208,0.0,0
25216,0.0,0
25218,0.0,0
25227,0.0,0
25234,0.0033,0
25236,0.0,0
25240,0.0,0
25251,0.01,0
25257,0.0,0
25273,0.03,0
25280,0.0367,0
25281,0.0,0
25283,0.0167,0
25294,0.0,0
25298,0.0,0
25304,0.0433,0
25306,0.0,0
25308,0.0267,0
25314,0.0,0
25319,0.0,0
25326,0.0033,0
25330,0.0,0
25345,0.0,0
25348,0.0,0
25352,0.0,0
25354,0.0,0
25359,0.3167,0
25360,0.0,0
25362,0.0,0
25367,0.0067,0
25372,0.1733,0
25374,0.0,0
25382,0.0,0
25390,0.0,0
25393,0.0,0
25398,0.0567,0
25406,0.0,0
25408,0.0,0
25409,0.02,0
25418,0.6,1
25421,0.0033,0
25423,0.0,0
25425,0.0,0
25428,0.0,0
25436,0.0233,0
25446,0.0,0
25449,0.0,0
25450,0.0,0
25469,0.0,0
25474,0.0,0
25475,0.0,0
25476,0.0,0
25486,0.0133,0
25490,0.0,0
25495,0.0067,0
25498,0.0,0
25501,0.0,0
25514,0.35,0
25528,0.0,0
25529,0.1067,0
25530,0.0,0
25534,0.0,0
25537,0.0267,0
25538,0.0067,0
25542,0.0033,0
25545,0.0033,0
25546,0.0033,0
25552,0.0,0
25563,0.0133,0
25564,0.0,0
25565,0.0133,0
25567,0.0533,0
25568,0.0,0
25569,0.0,0
25570,0.0,0
25573,0.0,0
25574,0.0,0
25575,0.0,0
25576,0.0,0
25587,0.0,0
25595,0.0,0
25611,0.0,0
25618,0.1733,0
25622,0.0,0
25633,0.0667,0
25637,0.0,0
25638,0.3767,0
25639,0.0,0
25642,0.6667,1
25643,0.0067,0
25649,0.0,0
25651,0.0,0
25652,0.0,0
25657,0.0,0
25662,0.0,0
25675,0.01,0
25681,0.0767,0
25693,0.0,0
25714,0.0,0
25719,0.0033,0
25720,0.0,0
25723,0.0,0
25727,0.0,0
25728,0.0,0
25730,0.0,0
25731,0.0,0
25733,0.0,0
25734,0.0033,0
25740,0.0,0
25742,0.3867,0
25747,0.0233,0
25753,0.0,0
25755,0.0,0
25756,0.35,0
25759,0.0133,0
25763,0.5,1
25766,0.0,0
25769,0.0,0
25771,0.0,0
25773,0.0,0
25787,0.0167,0
25796,0.0,0
25809,0.52,1
25818,0.02,0
25831,0.0,0
25834,0.0,0
25837,0.1333,0
25844,0.0,0
25854,0.0133,0
25863,0.0,0
25868,0.23,0
25870,0.0,0
25873,0.0,0
25887,0.0,0
25890,0.14,0
25893,0.0,0
25896,0.0767,0
25897,0.0,0
25898,0.0,0
25900,0.0,0
25910,0.0033,0
25922,0.0,0
25926,0.0,0
25927,0.0033,0
25928,0.0,0
25929,0.0,0
25932,0.0067,0
25937,0.0,0
25938,0.0,0
25942,0.0,0
25946,0.0,0
25947,0.0033,0
25952,0.3867,0
25953,0.0,0
25955,0.0,0
25961,0.0,0
25972,0.0,0
25974,0.03,0
25979,0.0,0
25980,0.0533,0
25988,0.0,0
25991,0.0,0
25993,0.0,0
25994,0.0033,0
25996,0.0,0
25999,0.0,0
26001,0.0,0
26002,0.0,0
26004,0.0167,0
26005,0.0,0
26011,0.0,0
26012,0.0,0
26016,0.0,0
26019,0.0,0
26022,0.0,0
26026,0.0,0
26027,0.0,0
26030,0.0,0
26033,0.19,0
26038,0.0,0
26044,0.0,0
26045,0.0133,0
26047,0.6833,1
26048,0.0,0
26049,0.0,0
26050,0.0,0
26051,0.0,0
26052,0.0,0
26056,0.0,0
26057,0.0,0
26058,0.0,0
26059,0.02,0
26060,0.0,0
26061,0.0,0
26063,0.0,0
26073,0.0,0
26074,0.0,0
26075,0.0,0
26089,0.0,0
26091,0.0,0
26092,0.1667,0
26093,0.0033,0
26094,0.0,0
26098,0.0,0
26100,0.0,0
26109,0.7133,1
26112,0.0267,0
26115,0.0,0
26117,0.0,0
26119,0.0,0
26120,0.0,0
26123,0.0,0
26126,0.0,0
26127,0.0233,0
26131,0.3567,0
26148,0.0,0
26156,0.0,0
26161,0.0,0
26163,0.0,0
26166,0.0,0
26169,0.0,0
26172,0.8367,1
26175,0.0,0
26177,0.0,0
26179,0.0,0
26181,0.0,0
26182,0.0,0
26184,0.0,0
26185,0.0,0
26197,0.0,0
26198,0.0,0
26199,0.0,0
26201,0.4467,0
26203,0.0,0
26206,0.0,0
26221,0.0,0
26227,0.0,0
26232,0.0,0
26233,0.0,0
26242,0.0,0
26259,0.0,0
26263,0.02,0
26270,0.0,0
26278,0.0,0
26281,0.2033,0
26284,0.0,0
26290,0.0,0
26291,0.0167,0
26292,0.0,0
26303,0.0,0
26336,0.0,0
26337,0.1533,0
26345,0.0,0
26353,0.0,0
26360,0.0,0
26363,0.0,0
26370,0.0067,0
26391,0.0,0
26397,0.0,0
26409,0.3767,0
26411,0.0,0
26419,0.0,0
26437,0.0,0
26446,0.0,0
26461,0.02,0
26474,0.6167,1
26478,0.0,0
26481,0.04,0
26486,0.0,0
26493,0.0,0
26499,0.0,0
26506,0.0,0
26522,0.0,0
26570,0.0,0
26571,0.0,0
26575,0.0,0
26578,0.0,0
26579,0.0,0
26582,0.0,0
26584,0.0067,0
26586,0.0,0
26610,0.0067,0
26611,0.0,0
26627,0.0,0
26628,0.0167,0
26634,0.0,0
26641,0.0,0
26644,0.0,0
26650,0.0,0
26657,0.0033,0
26664,0.0,0
26666,0.54,1
26667,0.02,0
26678,0.0,0
26692,0.0,0
26703,0.0,0
26710,0.1167,0
26716,0.0133,0
26720,0.0,0
26741,0.0,0
26747,0.0033,0
26765,0.0,0
26766,0.0,0
26768,0.0,0
26769,0.0,0
26773,0.0,0
26779,0.0,0
26789,0.0,0
26792,0.08,0
26794,0.0,0
26799,0.0,0
26807,0.0067,0
26826,0.0,0
26832,0.0033,0
26838,0.4167,0
26841,0.2533,0
26853,0.0,0
26856,0.1133,0
26857,0.0,0
26864,0.0,0
26865,0.0267,0
26867,0.0033,0
26873,0.4467,0
26879,0.0,0
26883,0.0867,0
26885,0.0,0
26890,0.3867,0
26891,0.0433,0
26913,0.0,0
26917,0.01,0
26921,0.0,0
26933,0.0,0
26944,0.0,0
26947,0.0,0
26950,0.0,0
26951,0.0,0
26952,0.0,0
26953,0.0,0
26954,0.0067,0
26955,0.0,0
26971,0.0,0
26976,0.0,0
26977,0.0033,0
26981,0.0,0
26983,0.0,0
26985,0.0,0
26989,0.1667,0
26992,0.0,0
27001,0.0,0
27007,0.0,0
27009,0.0,0
27011,0.0,0
27027,0.0,0
27033,0.94,1
27047,0.48,0
27049,0.0,0
27057,0.0867,0
27060,0.0,0
27065,0.1967,0
27066,0.0,0
27070,0.0,0
27073,0.0,0
27077,0.0033,0
27079,0.0,0
27081,0.0,0
27083,0.0033,0
27086,0.0,0
27087,0.0,0
27088,0.0,0
27090,0.1133,0
27091,0.0033,0
27092,0.0,0
27095,0.0033,0
27098,0.1667,0
27099,0.01,0
27100,0.0,0
27115,0.0,0
27118,0.0,0
27133,0.0,0
27137,0.0,0
27142,0.1067,0
27143,0.0,0
27144,0.0,0
27146,0.1167,0
27152,0.0,0
27155,0.0,0
27158,0.1267,0
27160,0.0,0
27161,0.01,0
27165,0.7467,1
27167,0.06,0
27175,0.0067,0
27176,0.8367,1
27177,0.0,0
27183,0.0,0
27184,0.0,0
27191,0.0,0
27195,0.0,0
27197,0.0833,0
27200,0.0167,0
27204,0.0,0
27211,0.08,0
27213,0.0,0
27219,0.0167,0
27220,0.02,0
27225,0.0,0
27227,0.0,0
27228,0.03,0
27234,0.0,0
27239,0.0,0
27251,0.01,0
27253,0.0,0
27259,0.0,0
27264,0.0,0
27274,0.27,0
27284,0.0033,0
27301,0.0,0
27304,0.0,0
27305,0.0,0
27314,0.0,0
27317,0.0,0
27320,0.0467,0
27331,0.0,0
27338,0.36,0
27340,0.0,0
27341,0.0067,0
27342,0.5967,1
27354,0.25,0
27357,0.0,0
27362,0.0033,0
27380,0.0333,0
27386,0.0167,0
27387,0.03,0
27392,0.0,0
27399,0.0033,0
27410,0.0,0
27411,0.0,0
27425,0.0,0
27428,0.12,0
27431,0.0,0
27449,0.0,0
27470,0.0167,0
27474,0.0,0
27477,0.3767,0
27481,0.0,0
27493,0.0,0
27495,0.0433,0
27500,0.0067,0
27501,0.0167,0
27503,0.1,0
27512,0.0,0
27513,0.2233,0
27514,0.0,0
27521,0.0,0
27525,0.0,0
27526,0.0733,0
27531,0.0,0
27536,0.0,0
27542,0.0033,0
27543,0.0,0
27544,0.0,0
27545,0.0,0
27547,0.0,0
27549,0.0833,0
27551,0.2633,0
27558,0.0,0
27561,0.0,0
27562,0.0467,0
27564,0.0,0
27566,0.0033,0
27568,0.0,0
27571,0.0,0
27572,0.0,0
27574,0.0167,0
27575,0.0,0
27593,0.0,0
27595,0.0,0
27601,0.0,0
27602,0.0,0
27605,0.0533,0
27606,0.0,0
27607,0.0,0
27611,0.7133,1
27613,0.76,1
27614,0.0067,0
27615,0.0067,0
27616,0.0,0
27619,0.0,0
27621,0.07,0
27622,0.0,0
27625,0.6033,1
27627,0.34,0
27629,0.0,0
27632,0.2133,0
27633,0.0,0
27635,0.0133,0
27638,0.6867,1
27667,0.0,0
27672,0.1067,0
27677,0.0,0
27687,0.0,0
27696,0.0,0
27703,0.0,0
27744,0.1033,0
27783,0.0,0
27784,0.01,0
27785,0.0,0
27794,0.0,0
27795,0.0,0
27807,0.0,0
27810,0.0,0
27815,0.0033,0
27816,0.0,0
27817,0.0,0
27820,0.0,0
27838,0.0,0
27852,0.0,0
27853,0.0,0
27867,0.0,0
27878,0.0,0
27891,0.0,0
27903,0.0,0
27909,0.3933,0
27920,0.0,0
27922,0.0,0
27928,0.0,0
27931,0.01,0
27939,0.0,0
27941,0.0,0
27945,0.07,0
27950,0.0267,0
27955,0.4267,0
27963,0.0,0
27978,0.0,0
27980,0.0,0
27983,0.0,0
27988,0.0,0
27992,0.0,0
28006,0.0,0
28007,0.0,0
28013,0.0,0
28015,0.8067,1
28052,0.0,0
28058,0.0967,0
28061,0.0,0
28064,0.0033,0
28065,0.0,0
28066,0.0,0
28068,0.0,0
28075,0.0,0
28076,0.0,0
28084,0.0,0
28086,0.0,0
28091,0.0,0
28101,0.1,0
28105,0.0,0
28113,0.0767,0
28118,0.0167,0
28128,0.0,0
28136,0.0,0
28139,0.0,0
28146,0.0,0
28148,0.0133,0
28150,0.0,0
28152,0.0,0
28155,0.0,0
28157,0.0467,0
28160,0.03,0
28171,0.0,0
28172,0.0,0
28178,0.2033,0
28186,0.0,0
28191,0.0,0
28196,0.0,0
28200,0.0,0
28201,0.0,0
28228,0.0,0
28231,0.0,0
28232,0.0133,0
28235,0.0,0
28236,0.0,0
28239,0.0,0
28240,0.0,0
28246,0.0,0
28259,0.0,0
28261,0.0,0
28265,0.0,0
28276,0.0,0
28277,0.0,0
28278,0.01,0
28284,0.0,0
28286,0.0,0
28293,0.0233,0
28305,0.0,0
28310,0.0,0
28320,0.0467,0
28329,0.0,0
28337,0.0,0
28346,0.0133,0
28347,0.09,0
28351,0.0,0
28356,0.0,0
28359,0.0067,0
28366,0.3833,0
28373,0.0,0
28374,0.0,0
28387,0.2433,0
28394,0.0,0
28399,0.0,0
28417,0.0933,0
28424,0.0333,0
28433,0.0,0
28435,0.3733,0
28437,0.0533,0
28440,0.0033,0
28462,0.0,0
28465,0.0033,0
28472,0.0,0
28479,0.0033,0
28481,0.0,0
28485,0.0,0
28486,0.0,0
28493,0.0,0
28500,0.0,0
28501,0.0,0
28529,0.4533,0
28531,0.0,0
28533,0.0067,0
28535,0.0,0
28537,0.0,0
28551,0.03,0
28557,0.08,0
28558,0.0,0
28565,0.0,0
28566,0.0,0
28573,0.1467,0
28577,0.0,0
28580,0.16,0
28581,0.1067,0
28584,0.0,0
28589,0.0,0
28591,0.0,0
28595,0.0,0
28596,0.0033,0
28603,0.0,0
28606,0.0,0
28607,0.0,0
28608,0.0067,0
28609,0.0,0
28610,0.0,0
28612,0.0,0
28613,0.0,0
28616,0.0,0
28619,0.0,0
28639,0.0033,0
28641,0.5767,1
28642,0.0033,0
28644,0.1067,0
28648,0.0,0
28652,0.0,0
28653,0.0,0
28667,0.0433,0
28670,0.0,0
28672,0.0167,0
28673,0.0,0
28682,0.1,0
28683,0.0,0
28684,0.0,0
28686,0.4333,0
28687,0.0,0
28692,0.0,0
28696,0.0,0
28697,0.0,0
28699,0.0,0
28702,0.0033,0
28705,0.0,0
28715,0.0,0
28735,0.0,0
28749,0.0,0
28751,0.0,0
28753,0.0,0
28755,0.0,0
28757,0.0,0
28758,0.3767,0
28776,0.0,0
28778,0.0533,0
28789,0.0,0
28791,0.0833,0
28797,0.01,0
28803,0.0,0
28804,0.0,0
28816,0.0133,0
28823,0.0,0
28834,0.0,0
28873,0.0,0
28876,0.0,0
28878,0.0,0
28881,0.0,0
28884,0.0,0
28901,0.0,0
28905,0.0,0
28908,0.0,0
28910,0.0,0
28911,0.0,0
28914,0.0,0
28919,0.0,0
28921,0.0,0
28922,0.0,0
28928,0.0033,0
28931,0.0,0
28935,0.1267,0
28942,0.0,0
28943,0.0,0
28951,0.0,0
28959,0.0033,0
28965,0.0,0
28966,0.0033,0
28983,0.0,0
28986,0.0,0
28994,0.0,0
28996,0.0,0
28997,0.0,0
28999,0.0,0
29004,0.0,0
29008,0.0,0
29010,0.0,0
29016,0.0,0
29028,0.0,0
29029,0.0,0
29031,0.0,0
29032,0.0,0
29033,0.0,0
29035,0.1033,0
29040,0.0067,0
29041,0.0133,0
29042,0.3533,0
29044,0.0,0
29049,0.0533,0
29053,0.0,0
29057,0.0233,0
29062,0.0667,0
29066,0.0033,0
29070,0.0,0
29078,0.0,0
29086,0.0167,0
29097,0.0,0
29101,0.0,0
29106,0.0,0
29115,0.0,0
29116,0.0,0
29129,0.0,0
29132,0.0,0
29145,0.0067,0
29148,0.0,0
29149,0.0,0
29151,0.02,0
29197,0.0,0
29200,0.1,0
29208,0.0,0
29217,0.0567,0
29222,0.0,0
29232,0.0167,0
29237,0.0,0
29239,0.0233,0
29246,0.0,0
29252,0.0,0
29255,0.0,0
29265,0.0033,0
29267,0.0,0
29275,0.0,0
29277,0.11,0
29285,0.0,0
29290,0.0867,0
29313,0.0,0
29316,0.0,0
29317,0.0,0
29326,0.0,0
29328,0.0,0
29332,0.0,0
29333,0.0,0
29342,0.0,0
29357,0.21,0
29392,0.0,0
29396,0.0,0
29405,0.0,0
29409,0.0,0
29415,0.0067,0
29419,0.0067,0
29431,0.0233,0
29436,0.0,0
29437,0.01,0
29442,0.0,0
29446,0.17,0
29451,0.1833,0
29465,0.0,0
29472,0.05,0
29474,0.0,0
29504,0.0,0
29517,0.17,0
29522,0.0,0
29528,0.0,0
29558,0.0,0
29577,0.0,0
29615,0.0167,0
29626,0.0967,0
29645,0.02,0
29648,0.0,0
29679,0.0,0
29698,0.0,0
29711,0.0,0
29722,0.0033,0
29727,0.0,0
29730,0.0,0
29735,0.0,0
29736,0.0,0
29740,0.02,0
29742,0.0033,0
29744,0.0,0
29745,0.5967,1
29747,0.0,0
29751,0.0,0
29787,0.0,0
29791,0.0,0
29793,0.2033,0
29799,0.01,0
29802,0.0,0
29803,0.0,0
29817,0.0033,0
29818,0.0,0
29822,0.0133,0
29824,0.2,0
29833,0.0,0
29839,0.0,0
29843,0.0,0
29863,0.0,0
29868,0.0,0
29870,0.0,0
29873,0.0433,0
29878,0.0,0
29879,0.0,0
29880,0.08,0
29887,0.0,0
29901,0.0533,0
29904,0.0,0
29907,0.0033,0
29911,0.0,0
29912,0.0,0
29917,0.0,0
29919,0.0,0
29921,0.0,0
29923,0.0,0
29929,0.0,0
29947,0.0,0
29956,0.0,0
29959,0.0,0
29962,0.0,0
29966,0.0633,0
29968,0.0,0
29969,0.0,0
29970,0.0,0
29973,0.01,0
29975,0.0,0
29983,0.0067,0
30002,0.0,0
30009,0.0,0
30012,0.0,0
30020,0.0,0
30027,0.0,0
30036,0.0,0
30039,0.0067,0
30041,0.0533,0
30044,0.0,0
30047,0.0,0
30048,0.0,0
30051,0.0,0
30053,0.4233,0
30055,0.0,0
30058,0.1,0
30078,0.04,0
30081,0.92,1
30082,0.0,0
30086,0.1733,0
30108,0.0233,0
30114,0.0,0
30118,0.0267,0
30120,0.25,0
30127,0.0867,0
30131,0.0,0
30139,0.0,0
30140,0.0,0
30141,0.0,0
30144,0.0,0
30146,0.0,0
30150,0.0,0
30156,0.0,0
30180,0.0033,0
30182,0.0,0
30187,0.0,0
30188,0.0033,0
30193,0.0,0
30194,0.0,0
30195,0.0,0
30198,0.0,0
30201,0.02,0
30205,0.0,0
30206,0.0,0
30228,0.0267,0
30232,0.08,0
30233,0.03,0
30235,0.0033,0
30238,0.0,0
30240,0.2333,0
30248,0.0,0
30259,0.0,0
30263,0.0,0
30266,0.4633,0
30273,0.0,0
30274,0.0,0
30278,0.0,0
30285,0.0,0
30286,0.0033,0
30287,0.0,0
30294,0.0,0
30302,0.0,0
30303,0.0,0
30328,0.03,0
30337,0.0,0
30338,0.0033,0
30340,0.0,0
30342,0.0,0
30350,0.0033,0
30354,0.0,0
30385,0.0,0
30388,0.0333,0
30394,0.0133,0
30397,0.0,0
30402,0.0,0
30405,0.07,0
30407,0.0,0
30408,0.0033,0
30409,0.0,0
30419,0.0967,0
30427,0.0,0
30431,0.0,0
30433,0.0033,0
30436,0.0467,0
30440,0.03,0
30450,0.0033,0
30451,0.74,1
30453,0.0,0
30457,0.0,0
30458,0.0,0
30460,0.2633,0
30463,0.0,0
30464,0.0,0
30482,0.0467,0
30483,0.0,0
30485,0.0867,0
30492,0.0,0
30496,0.0,0
30501,0.02,0
30503,0.0,0
30516,0.4,0
30522,0.0,0
30527,0.2233,0
30534,0.0,0
30535,0.0,0
30542,0.0,0
30544,0.0,0
30548,0.1267,0
30550,0.0,0
30552,0.0,0
30553,0.0,0
30557,0.0,0
30558,0.0367,0
30559,0.0,0
30563,0.0033,0
30571,0.0,0
30574,0.0,0
30579,0.0033,0
30588,0.0,0
30589,0.0,0
30601,0.0,0
30602,0.0,0
30603,0.0,0
30604,0.0167,0
30606,0.0033,0
30621,0.0033,0
30622,0.0,0
30624,0.0167,0
30642,0.2633,0
30644,0.0,0
30651,0.0267,0
30657,0.01,0
30669,0.0,0
30673,0.0,0
30674,0.0,0
30682,0.0,0
30694,0.0,0
30695,0.0033,0
30700,0.0,0
30707,0.0033,0
30711,0.0,0
30714,0.0,0
30715,0.0,0
30716,0.0033,0
30720,0.0,0
30741,0.0,0
30742,0.01,0
30745,0.0133,0
30751,0.0,0
30753,0.0,0
30760,0.0633,0
30761,0.0,0
30763,0.0,0
30764,0.0,0
30767,0.0,0
30768,0.0033,0
30773,0.0,0
30776,0.0,0
30778,0.0,0
30780,0.0,0
30782,0.0,0
30785,0.0,0
30788,0.0033,0
30790,0.0,0
30791,0.0,0
30792,0.01,0
30801,0.0833,0
30824,0.0033,0
30826,0.0,0
30827,0.0,0
30829,0.0,0
30833,0.0167,0
30834,0.0,0
30835,0.0,0
30850,0.0,0
30859,0.0,0
30871,0.0,0
30875,0.02,0
30876,0.0,0
30881,0.0,0
30887,0.0,0
30889,0.0,0
30890,0.0,0
30923,0.1,0
30924,0.0,0
30926,0.0,0
30931,0.0,0
30937,0.0,0
30939,0.0,0
30950,0.0,0
30963,0.0,0
30967,0.0,0
30973,0.0,0
30982,0.0,0
31001,0.0,0
31004,0.0133,0
31014,0.0067,0
31018,0.0167,0
31019,0.0067,0
31021,0.0033,0
31026,0.0033,0
31052,0.0,0
31056,0.0,0
31058,0.0,0
31059,0.0,0
31060,0.0,0
31061,0.0,0
31062,0.0,0
31063,0.0,0
31064,0.0,0
31065,0.0,0
31066,0.0,0
31075,0.0,0
31083,0.0,0
31097,0.0033,0
31101,0.0,0
31105,0.0,0
31109,0.08,0
31121,0.0233,0
31126,0.0,0
31132,0.0,0
31141,0.0,0
31157,0.0,0
31158,0.0033,0
31169,0.0,0
31170,0.0,0
31172,0.0,0
31193,0.0,0
31194,0.0,0
31214,0.0,0
31248,0.0,0
31252,0.0,0
31260,0.0,0
31263,0.01,0
31287,0.0,0
31289,0.0,0
31298,0.0,0
31303,0.0,0
31309,0.0,0
31321,0.0,0
31323,0.0,0
31335,0.0067,0
31338,0.0,0
31348,0.0,0
31351,0.0,0
31357,0.0,0
31358,0.0,0
31362,0.0,0
31367,0.0,0
31369,0.0667,0
31371,0.0,0
31373,0.0,0
31400,0.0,0
31402,0.0033,0
31412,0.0,0
31428,0.0,0
31430,0.0233,0
31431,0.5233,1
31434,0.0667,0
31437,0.0,0
31454,0.0,0
31462,0.0,0
31467,0.0067,0
31470,0.0833,0
31472,0.0,0
31480,0.0,0
31482,0.0,0
31484,0.0,0
31485,0.0,0
31489,0.0,0
31490,0.0,0
31493,0.0,0
31500,0.0,0
31510,0.06,0
31518,0.0,0
31533,0.0067,0
31534,0.0067,0
31535,0.0,0
31536,0.0,0
31538,0.5533,1
31543,0.0,0
31550,0.0,0
31551,0.0,0
31552,0.0,0
31553,0.0233,0
31554,0.0,0
31555,0.27,0
31569,0.0,0
31574,0.0,0
31578,0.0,0
31579,0.0933,0
31582,0.0,0
31583,0.0367,0
31585,0.0367,0
31590,0.0,0
31591,0.0033,0
31595,0.0,0
31598,0.0233,0
31600,0.0,0
31602,0.0,0
31605,0.0,0
31615,0.0033,0
31623,0.0,0
31625,0.0,0
31630,0.0,0
31634,0.0,0
31636,0.0433,0
31641,0.04,0
31648,0.0,0
31656,0.0,0
31658,0.2333,0
31662,0.0,0
31670,0.0,0
31675,0.0,0
31676,0.0267,0
31677,0.0,0
31678,0.0,0
31693,0.07,0
31704,0.0067,0
31706,0.0,0
31712,0.0,0
31716,0.0,0
31718,0.0,0
31738,0.0,0
31749,0.0,0
31760,0.0,0
31767,0.1767,0
31771,0.0,0
31774,0.0233,0
31786,0.0,0
31787,0.0233,0
31788,0.0267,0
31800,0.0033,0
31806,0.3533,0
31831,0.0,0
31832,0.0,0
31855,0.0,0
31859,0.0,0
31860,0.0,0
31867,0.2867,0
31869,0.0,0
31870,0.0933,0
31885,0.0033,0
31892,0.0,0
31897,0.0667,0
31899,0.0167,0
31905,0.0633,0
31910,0.0033,0
31911,0.0,0
31914,0.0,0
31935,0.59,1
31938,0.0,0
31939,0.0,0
31940,0.0267,0
31947,0.0,0
31961,0.0033,0
31964,0.0,0
31984,0.1567,0
31993,0.0233,0
31996,0.0,0
32011,0.0,0
32019,0.0,0
32029,0.4833,0
32031,0.0733,0
32037,0.0,0
32057,0.0,0
32060,0.0,0
32073,0.0,0
32074,0.0,0
32076,0.0,0
32077,0.0,0
32085,0.0,0
32089,0.0,0
32103,0.0,0
32108,0.0067,0
32112,0.0,0
32115,0.0,0
32116,0.0033,0
32123,0.0,0
32127,0.0,0
32128,0.0033,0
32131,0.0,0
32136,0.01,0
32144,0.33,0
32154,0.0,0
32166,0.0,0
32186,0.0,0
32187,0.0,0
32189,0.0,0
32190,0.0,0
32196,0.0,0
32204,0.4667,0
32206,0.0,0
32209,0.0,0
32211,0.0,0
32212,0.0,0
32215,0.0,0
32217,0.0,0
32220,0.0,0
32222,0.0,0
32225,0.04,0
32228,0.0267,0
32229,0.0,0
32232,0.0,0
32236,0.0,0
32241,0.0033,0
32243,0.0,0
32247,0.0233,0
32249,0.0,0
32250,0.0533,0
32251,0.0,0
32256,0.01,0
32257,0.0,0
32261,0.0,0
32262,0.0,0
32264,0.0,0
32277,0.0,0
32284,0.0,0
32285,0.0,0
32287,0.0,0
32288,0.0,0
32291,0.0,0
32294,0.0,0
32296,0.0133,0
32298,0.0,0
32308,0.0,0
32309,0.0667,0
32311,0.0,0
32315,0.0,0
32323,0.0,0
32324,0.0,0
32332,0.0033,0
32338,0.18,0
32339,0.0,0
32340,0.0067,0
32349,0.0,0
32352,0.0,0
32354,0.0,0
32357,0.0,0
32365,0.0,0
32369,0.0,0
32371,0.0033,0
32384,0.0,0
32390,0.0033,0
32391,0.0,0
32392,0.0,0
32394,0.0,0
32395,0.0,0
32399,0.0,0
32400,0.0,0
32404,0.0033,0
32409,0.0,0
32416,0.0,0
32417,0.0,0
32423,0.0333,0
32430,0.0,0
32433,0.0,0
32438,0.0,0
32442,0.0,0
32446,0.0033,0
32450,0.0,0
32457,0.45,0
32459,0.0067,0
32461,0.0,0
32464,0.0,0
32467,0.0,0
32468,0.0,0
32470,0.0,0
32471,0.0,0
32472,0.0,0
32473,0.0,0
32474,0.0,0
32475,0.0,0
32487,0.0,0
32490,0.0,0
32496,0.0,0
32501,0.0,0
32503,0.1267,0
32505,0.0,0
32506,0.51,1
32508,0.0,0
32511,0.0,0
32512,0.0,0
32515,0.0,0
32516,0.0,0
32520,0.0,0
32522,0.1967,0
32523,0.0,0
32524,0.2733,0
32526,0.02,0
32536,0.07,0
32537,0.0033,0
32538,0.0,0
32542,0.0,0
32543,0.0,0
32544,0.0,0
32545,0.0,0
32562,0.0567,0
32566,0.0,0
32572,0.0,0
32575,0.0,0
32583,0.0,0
32584,0.0,0
32587,0.01,0
32588,0.0,0
32590,0.0,0
32593,0.0,0
32598,0.0,0
32601,0.1233,0
32605,0.1333,0
32615,0.0,0
32616,0.03,0
32621,0.0,0
32622,0.0,0
32623,0.0133,0
32624,0.0,0
32625,0.0,0
32628,0.0,0
32630,0.0,0
32641,0.0,0
32645,0.01,0
32649,0.0033,0
32652,0.0,0
32654,0.0,0
32656,0.0,0
32661,0.0133,0
32662,0.0467,0
32664,0.01,0
32667,0.0,0
32668,0.0,0
32669,0.0033,0
32670,0.0,0
32683,0.0,0
32698,0.0,0
32700,0.0,0
32718,0.0033,0
32720,0.0,0
32733,0.0,0
32734,0.0233,0
32742,0.0033,0
32744,0.3333,0
32748,0.0,0
32753,0.0,0
32762,0.04,0
32763,0.0133,0
32768,0.0,0
32769,0.2833,0
32773,0.0,0
32774,0.0,0
32775,0.0,0
32779,0.0,0
32782,0.0,0
32783,0.0,0
32788,0.0,0
32789,0.0,0
32791,0.0,0
32792,0.0,0
32793,0.05,0
32794,0.0,0
32795,0.0,0
32807,0.0,0
32808,0.01,0
32811,0.0,0
32815,0.0,0
32817,0.0,0
32818,0.2767,0
32822,0.0,0
32823,0.02,0
32831,0.0,0
32832,0.5933,1
32833,0.15,0
32834,0.0133,0
32847,0.0333,0
32848,0.0,0
32852,0.0033,0
32858,0.0,0
32859,0.0,0
32861,0.0,0
32863,0.0,0
32866,0.0,0
32867,0.0,0
32874,0.0,0
32877,0.0,0
32878,0.0,0
32880,0.0,0
32882,0.0133,0
32886,0.0,0
32887,0.0,0
32923,0.0,0
32928,0.0033,0
32941,0.0,0
32942,0.0,0
32953,0.0033,0
32959,0.0,0
32987,0.0,0
32988,0.1633,0
32990,0.1533,0
32991,0.0,0
32994,0.0,0
33019,0.0,0
33025,0.0,0
33064,0.0,0
33068,0.0,0
33069,0.0,0
33070,0.0,0
33101,0.15,0
33115,0.0033,0
33122,0.0967,0
33127,0.6633,1
33146,0.0,0
33151,0.0,0
33158,0.0,0
33161,0.0,0
33162,0.0067,0
33170,0.0,0
33171,0.0,0
33177,0.0,0
33180,0.0,0
33182,0.0133,0
33189,0.0067,0
33196,0.0,0
33197,0.0,0
33198,0.0,0
33206,0.0267,0
33214,0.0,0
33221,0.0,0
33223,0.0,0
33224,0.0,0
33225,0.0,0
33233,0.1333,0
33237,0.0067,0
33238,0.0,0
33241,0.0,0
33247,0.0,0
33248,0.0,0
33251,0.2533,0
33261,0.0,0
33266,0.0267,0
33267,0.0,0
33272,0.0,0
33281,0.0,0
33287,0.2433,0
33295,0.0033,0
33297,0.0,0
33299,0.0,0
33301,0.01,0
33302,0.4,0
33305,0.0,0
33316,0.0,0
33317,0.0,0
33318,0.0,0
33320,0.0,0
33321,0.0,0
33322,0.0,0
33332,0.0,0
33341,0.0,0
33345,0.0,0
33347,0.0,0
33353,0.0,0
33362,0.0,0
33366,0.0,0
33370,0.0033,0
33371,0.0,0
33379,0.01,0
33381,0.0467,0
33382,0.0,0
33383,0.0,0
33386,0.0,0
33389,0.58,1
33391,0.0,0
33392,0.03,0
33396,0.0,0
33397,0.0,0
33401,0.0,0
33402,0.0,0
33403,0.0,0
33404,0.0033,0
33406,0.0,0
33408,0.0,0
33409,0.0,0
33413,0.0033,0
33424,0.0,0
33429,0.0,0
33431,0.0,0
33433,0.1467,0
33434,0.0,0
33437,0.0,0
33438,0.0,0
33439,0.5767,1
33442,0.1167,0
33448,0.1633,0
33454,0.0,0
33455,0.0767,0
33458,0.0,0
33465,0.0267,0
33466,0.0,0
33468,0.0,0
33471,0.0,0
33481,0.0333,0
33482,0.01,0
33485,0.0033,0
33488,0.0,0
33489,0.0,0
33509,0.0,0
33512,0.0,0
33515,0.0,0
33517,0.0,0
33518,0.0,0
33519,0.0,0
33527,0.0033,0
33529,0.0,0
33539,0.0,0
33543,0.0033,0
33547,0.2033,0
33549,0.0,0
33550,0.0,0
33559,0.0067,0
33561,0.0,0
33564,0.0,0
33567,0.0,0
33570,0.39,0
33571,0.0033,0
33593,0.1467,0
33600,0.0033,0
33605,0.0,0
33606,0.0,0
33609,0.0,0
33612,0.0,0
33617,0.0,0
33618,0.0333,0
33621,0.0,0
33623,0.0,0
33624,0.0,0
33628,0.0,0
33630,0.02,0
33652,0.0,0
33653,0.0,0
33654,0.0,0
33660,0.0,0
33661,0.0133,0
33662,0.0,0
33663,0.0,0
33667,0.0033,0
33673,0.69,1
33675,0.0,0
33685,0.8967,1
33689,0.0,0
33692,0.0,0
33694,0.0,0
33703,0.0,0
33716,0.0767,0
33725,0.3567,0
33738,0.0,0
33739,0.0,0
33741,0.0,0
33743,0.0,0
33745,0.0,0
33746,0.0,0
33747,0.1033,0
33758,0.0,0
33763,0.0,0
33770,0.0,0
33772,0.0,0
33775,0.0,0
33781,0.0,0
33782,0.0,0
33785,0.0,0
33793,0.0,0
33800,0.0,0
33801,0.63,1
33803,0.0033,0
33806,0.14,0
33821,0.0,0
33830,0.0,0
33831,0.0,0
33832,0.0,0
33841,0.2033,0
33843,0.0033,0
33850,0.0,0
33857,0.0,0
33869,0.0,0
33875,0.0,0
33876,0.0,0
33892,0.0,0
33895,0.0933,0
33902,0.0,0
33917,0.3267,0
33922,0.0333,0
33924,0.66,1
33929,0.0,0
33931,0.0,0
33932,0.0033,0
33939,0.0,0
33947,0.0,0
33953,0.0,0
33960,0.0,0
33961,0.0,0
33963,0.0,0
33966,0.0,0
33967,0.01,0
33973,0.0,0
33974,0.0,0
33975,0.0,0
33977,0.01,0
33996,0.0,0
33999,0.0,0
34010,0.0,0
34016,0.0,0
34037,0.02,0
34038,0.0,0
34040,0.0,0
34044,0.0167,0
34050,0.0067,0
34053,0.0,0
34059,0.0067,0
34063,0.0133,0
34071,0.0,0
34088,0.0,0
34099,0.0,0
34103,0.0,0
34107,0.0,0
34121,0.0,0
34147,0.0,0
34149,0.01,0
34153,0.0,0
34154,0.0,0
34156,0.2767,0
34162,0.0,0
34163,0.0,0
34165,0.0,0
34175,0.0,0
34177,0.0,0
34180,0.0,0
34188,0.0,0
34189,0.0,0
34190,0.0,0
34206,0.0,0
34212,0.0,0
34215,0.0,0
34217,0.0,0
34226,0.0,0
34230,0.0,0
34231,0.0033,0
34236,0.0,0
34237,0.0,0
34244,0.0,0
34245,0.0,0
34246,0.0,0
34247,0.0033,0
34258,0.0,0
34267,0.0067,0
34271,0.0333,0
34273,0.0,0
34279,0.0,0
34280,0.0,0
34282,0.0,0
34285,0.0,0
34289,0.0,0
34290,0.0,0
34291,0.0,0
34295,0.0067,0
34299,0.0,0
34300,0.0133,0
34301,0.0,0
34304,0.3667,0
34305,0.0,0
34306,0.0,0
34307,0.0,0
34313,0.0,0
34314,0.0,0
34327,0.0,0
34331,0.0,0
34336,0.24,0
34337,0.0,0
34343,0.05,0
34348,0.0,0
34351,0.0,0
34355,0.0,0
34360,0.0,0
34361,0.0033,0
34380,0.0,0
34382,0.0133,0
34385,0.0,0
34389,0.0,0
34402,0.0,0
34413,0.0,0
34424,0.0067,0
34460,0.0033,0
34461,0.0,0
34466,0.57,1
34467,0.0,0
34468,0.0067,0
34472,0.0,0
34479,0.0,0
34480,0.0033,0
34482,0.0,0
34483,0.0,0
34496,0.0067,0
34499,0.0,0
34501,0.0,0
34506,0.0,0
34508,0.0,0
34521,0.0,0
34524,0.0,0
34536,0.0,0
34542,0.0067,0
34543,0.0033,0
34544,0.0367,0
34548,0.03,0
34549,0.0,0
34552,0.0733,0
34562,0.0,0
34563,0.0,0
34574,0.0,0
34577,0.0133,0
34579,0.0,0
34580,0.0,0
34584,0.0,0
34593,0.0,0
34598,0.0,0
34603,0.0,0
34615,0.0,0
34619,0.0,0
34620,0.0,0
34624,0.0,0
34630,0.0,0
34631,0.0,0
34642,0.0,0
34644,0.0,0
34662,0.0133,0
34664,0.0,0
34665,0.0,0
34666,0.0,0
34667,0.0,0
34687,0.0,0
34690,0.0,0
34692,0.0,0
34693,0.0333,0
34704,0.0267,0
34709,0.0467,0
34715,0.0,0
34716,0.0,0
34720,0.0,0
34731,0.0,0
34733,0.24,0
34736,0.0,0
34737,0.0,0
34740,0.0,0
34744,0.0,0
34749,0.0,0
34750,0.0,0
34760,0.08,0
34767,0.0,0
34768,0.0,0
34770,0.0,0
34786,0.0033,0
34790,0.0567,0
34793,0.0,0
34794,0.0,0
34808,0.0067,0
34811,0.0,0
34813,0.0,0
34814,0.0,0
34817,0.0,0
34818,0.0,0
34828,0.0,0
34835,0.0,0
34838,0.0,0
34841,0.0,0
34845,0.0,0
34857,0.0,0
34860,0.0,0
34861,0.0,0
34870,0.0,0
34872,0.0,0
34873,0.0,0
34875,0.0,0
34877,0.0033,0
34880,0.0,0
34883,0.0,0
34895,0.0,0
34898,0.0,0
34904,0.0,0
34910,0.0,0
34940,0.0,0
34946,0.0,0
34950,0.0,0
34951,0.0,0
34953,0.0,0
34958,0.0,0
34962,0.17,0
34965,0.0,0
34981,0.0,0
34982,0.0333,0
34987,0.0,0
34989,0.0,0
34995,0.0067,0
35000,0.0,0
35003,0.0,0
35005,0.0,0
35018,0.0,0
35019,0.0,0
35020,0.0,0
35026,0.0,0
35032,0.0,0
35037,0.0,0
35038,0.0,0
35043,0.0,0
35049,0.0067,0
35051,0.0,0
35054,0.0167,0
35061,0.0,0
35066,0.0,0
35070,0.0,0
35074,0.2833,0
35077,0.0033,0
35079,0.0,0
35089,0.0,0
35090,0.0,0
35095,0.0,0
35096,0.01,0
35097,0.0,0
35106,0.01,0
35107,0.0,0
35118,0.0567,0
35122,0.0,0
35127,0.0,0
35131,0.0,0
35133,0.0,0
35134,0.0,0
35137,0.0633,0
35138,0.0,0
35140,0.0,0
35141,0.0,0
35143,0.0,0
35150,0.0,0
35161,0.0,0
35162,0.0,0
35164,0.0,0
35166,0.0,0
35167,0.0133,0
35179,0.0,0
35184,0.0,0
35187,0.0433,0
35196,0.0,0
35197,0.0,0
35200,0.0,0
35201,0.0,0
35204,0.0,0
35206,0.0,0
35207,0.0,0
35211,0.0,0
35215,0.0,0
35225,0.0133,0
35226,0.0,0
35232,0.0,0
35235,0.1267,0
35236,0.0,0
35237,0.02,0
35240,0.0,0
35253,0.0,0
35257,0.0,0
35259,0.0,0
35261,0.0,0
35267,0.0,0
35268,0.0667,0
35270,0.0,0
35273,0.0,0
35274,0.0033,0
35279,0.0,0
35280,0.0033,0
35282,0.0,0
35283,0.0,0
35297,0.0,0
35313,0.0,0
35317,0.0167,0
35327,0.0,0
35335,0.0,0
35341,0.0133,0
35342,0.0,0
35343,0.0,0
35353,0.0,0
35354,0.0,0
35356,0.0,0
35357,0.0,0
35358,0.0,0
35365,0.0067,0
35369,0.0,0
35370,0.0,0
35371,0.0,0
35373,0.0233,0
35375,0.0,0
35404,0.0,0
35416,0.0,0
35419,0.74,1
35420,0.1167,0
35428,0.0,0
35429,0.0,0
35430,0.0,0
35431,0.0033,0
35434,0.2967,0
35435,0.0267,0
35437,0.0,0
35442,0.0,0
35450,0.0133,0
35456,0.01,0
35459,0.0,0
35460,0.0,0
35461,0.0,0
35463,0.0,0
35465,0.0,0
35466,0.0,0
35467,0.0367,0
35472,0.0,0
35476,0.0,0
35481,0.0033,0
35485,0.65,1
35486,0.0,0
35487,0.0133,0
35489,0.0,0
35490,0.0,0
35501,0.01,0
35505,0.0,0
35506,0.0,0
35507,0.0,0
35509,0.0,0
35511,0.0033,0
35512,0.0,0
35516,0.0,0
35517,0.0,0
35518,0.0,0
35520,0.0,0
35521,0.0,0
35527,0.0,0
35532,0.4767,0
35549,0.0,0
35554,0.0,0
35559,0.0,0
35567,0.0033,0
35570,0.0,0
35572,0.0033,0
35577,0.0,0
35581,0.0,0
35582,0.0,0
35588,0.0,0
35590,0.0,0
35596,0.0,0
35597,0.0,0
35599,0.0,0
35601,0.0067,0
35603,0.0,0
35604,0.0,0
35610,0.0,0
35611,0.0,0
35615,0.0033,0
35621,0.0,0
35624,0.0,0
35626,0.0,0
35631,0.0567,0
35634,0.0,0
35639,0.0,0
35640,0.0,0
35645,0.0,0
35648,0.0633,0
35649,0.02,0
35650,0.0033,0
35651,0.0033,0
35669,0.0,0
35673,0.0,0
35675,0.0,0
35676,0.0,0
35689,0.0,0
35694,0.0,0
35696,0.0,0
35700,0.1133,0
35702,0.01,0
35703,0.0167,0
35704,0.0,0
35706,0.01,0
35708,0.0233,0
35711,0.0,0
35715,0.0,0
35717,0.0,0
35718,0.0,0
35719,0.0367,0
35726,0.0,0
35731,0.0,0
35733,0.0,0
35735,0.0,0
35736,0.0,0
35737,0.0,0
35739,0.0067,0
35741,0.1033,0
35744,0.0,0
35745,0.0,0
35746,0.0,0
35750,0.0,0
35764,0.0,0
35773,0.0,0
35774,0.0,0
35785,0.36,0
35788,0.0,0
35797,0.0533,0
35800,0.01,0
35801,0.0,0
35806,0.0,0
35807,0.0,0
35811,0.0033,0
35814,0.0,0
35815,0.0,0
35817,0.0033,0
35821,0.0,0
35827,0.2433,0
35836,0.0,0
35838,0.1133,0
35841,0.0,0
35847,0.0,0
35849,0.0,0
35856,0.35,0
35857,0.0,0
35860,0.0,0
35861,0.0,0
35864,0.0,0
35873,0.0,0
35874,0.0033,0
35878,0.0,0
35883,0.0,0
35885,0.0,0
35886,0.0,0
35887,0.0,0
35888,0.0,0
35889,0.0,0
35890,0.0,0
35897,0.0,0
35911,0.0,0
35912,0.0,0
35914,0.4433,0
35915,0.0,0
35919,0.81,1
35925,0.0,0
35927,0.0,0
35938,0.1367,0
35955,0.0,0
35957,0.0033,0
35958,0.0,0
35961,0.0067,0
35962,0.0,0
35963,0.0,0
35964,0.0,0
35965,0.0,0
35966,0.0,0
35967,0.0,0
35994,0.0,0
35999,0.0,0
36014,0.0,0
36025,0.0,0
36031,0.0,0
36036,0.0,0
36038,0.2733,0
36043,0.0,0
36046,0.0,0
36061,0.0,0
36064,0.0,0
36068,0.5,1
36073,0.0,0
36075,0.0,0
36077,0.0,0
36082,0.0,0
36088,0.0,0
36096,0.0,0
36103,0.0,0
36106,0.0,0
36115,0.0,0
36119,0.0,0
36123,0.0,0
36130,0.0,0
36135,0.0,0
36136,0.02,0
36140,0.0,0
36142,0.01,0
36144,0.0,0
36146,0.0,0
36148,0.0,0
36154,0.0,0
36162,0.0,0
36166,0.0,0
36172,0.0,0
36176,0.0,0
36194,0.0,0
36199,0.0567,0
36214,0.25,0
36217,0.0,0
36219,0.0033,0
36220,0.0,0
36226,0.0,0
36229,0.0,0
36231,0.0,0
36232,0.0,0
36233,0.0,0
36234,0.0033,0
36235,0.0,0
36245,0.0733,0
36247,0.0033,0
36259,0.0,0
36264,0.0067,0
36269,0.0,0
36274,0.0,0
36279,0.0,0
36281,0.0,0
36282,0.0,0
36287,0.0,0
36289,0.0,0
36292,0.0,0
36294,0.0033,0
36295,0.0,0
36320,0.0133,0
36327,0.0,0
36333,0.0,0
36344,0.0,0
36350,0.0267,0
36355,0.0133,0
36360,0.0067,0
36361,0.0,0
36364,0.0,0
36366,0.0033,0
36369,0.0,0
36370,0.0,0
36373,0.0,0
36392,0.0,0
36403,0.0,0
36428,0.0,0
36431,0.0067,0
36440,0.0,0
36445,0.0,0
36447,0.0,0
36448,0.0,0
36455,0.0,0
36466,0.0,0
36473,0.0,0
36475,0.0,0
36476,0.0,0
36478,0.0067,0
36484,0.0033,0
36485,0.0,0
36489,0.0,0
36492,0.0,0
36496,0.0,0
36497,0.0,0
36498,0.0,0
36500,0.0,0
36501,0.0367,0
36502,0.0,0
36507,0.0,0
36509,0.0,0
36512,0.0,0
36513,0.0,0
36514,0.0,0
36515,0.0,0
36516,0.15,0
36517,0.0,0
36519,0.0,0
36520,0.0,0
36521,0.0,0
36522,0.0,0
36523,0.0,0
36532,0.0,0
36536,0.0,0
36537,0.0,0
36542,0.0,0
36543,0.0,0
36544,0.0,0
36545,0.0,0
36546,0.0,0
36547,0.0,0
36548,0.0067,0
36550,0.0,0
36551,0.0,0
36552,0.0067,0
36554,0.0033,0
36555,0.24,0
36558,0.0,0
36560,0.0567,0
36562,0.0033,0
36564,0.0,0
36566,0.0,0
36568,0.0,0
36570,0.0167,0
36571,0.0,0
36572,0.0367,0
36577,0.0,0
36579,0.0,0
36581,0.0,0
36582,0.0,0
36583,0.31,0
36586,0.0,0
36588,0.0,0
36589,0.0433,0
36590,0.0,0
36592,0.0,0
36593,0.0267,0
36596,0.0,0
36597,0.0,0
36599,0.0033,0
36600,0.0,0
36602,0.0,0
36603,0.0,0
36604,0.0,0
36605,0.0,0
36606,0.0,0
36607,0.0,0
36608,0.0,0
36613,0.0,0
36615,0.0,0
36617,0.03,0
36619,0.0,0
36621,0.0,0
36623,0.0,0
36624,0.2233,0
36625,0.0,0
36627,0.0733,0
36632,0.0,0
36636,0.1833,0
36641,0.0,0
36643,0.0,0
36644,0.08,0
36646,0.0,0
36648,0.0,0
36654,0.0,0
36659,0.0,0
36662,0.0033,0
36664,0.0,0
36665,0.0,0
36666,0.0,0
36667,0.0,0
36684,0.0,0
36689,0.0,0
36692,0.0,0
36695,0.0,0
36698,0.06,0
36700,0.0,0
36703,0.0,0
36705,0.0,0
36708,0.0,0
36710,0.01,0
36711,0.0,0
36712,0.0,0
36713,0.0,0
36720,0.0,0
36724,0.0,0
36726,0.1867,0
36727,0.0,0
36732,0.0,0
36733,0.0,0
36754,0.0033,0
36759,0.0,0
36761,0.0,0
36763,0.0,0
36771,0.0,0
36772,0.0,0
36773,0.0333,0
36777,0.0,0
36779,0.1633,0
36780,0.0,0
36804,0.0,0
36808,0.0333,0
36811,0.0033,0
36812,0.0,0
36814,0.0,0
36817,0.0,0
36848,0.0,0
36849,0.0,0
36851,0.0,0
36858,0.0,0
36868,0.0367,0
36871,0.0,0
36872,0.01,0
36882,0.0167,0
36889,0.0,0
36890,0.0067,0
36892,0.0,0
36912,0.0,0
36914,0.0,0
36921,0.0,0
36934,0.0,0
36936,0.0,0
36939,0.0,0
36940,0.0,0
36941,0.0,0
36956,0.0,0
36958,0.0,0
36968,0.0,0
36969,0.0,0
36974,0.0,0
36990,0.0,0
36996,0.0,0
37002,0.4,0
37004,0.0,0
37006,0.0,0
37011,0.0,0
37017,0.0,0
37021,0.0,0
37026,0.0,0
37028,0.0,0
37030,0.0533,0
37032,0.0,0
37034,0.0,0
37036,0.0,0
37046,0.0,0
37047,0.0,0
37048,0.0,0
37049,0.0,0
37050,0.0033,0
37051,0.0,0
37055,0.0,0
37065,0.0,0
37066,0.0,0
37070,0.0,0
37075,0.0,0
37085,0.0067,0
37088,0.0,0
37092,0.0,0
37093,0.0,0
37096,0.0,0
37103,0.0,0
37104,0.0,0
37106,0.0,0
37107,0.0,0
37109,0.0,0
37112,0.0,0
37113,0.0,0
37114,0.0,0
37124,0.0,0
37126,0.0067,0
37127,0.0,0
37128,0.0,0
37132,0.0,0
37135,0.0,0
37136,0.0,0
37148,0.2467,0
37152,0.0267,0
37153,0.0,0
37154,0.0,0
37155,0.0,0
37156,0.0,0
37159,0.0,0
37161,0.0,0
37164,0.0,0
37169,0.0,0
37183,0.0,0
37185,0.0,0
37188,0.0,0
37197,0.0,0
37199,0.0,0
37200,0.0,0
37201,0.0,0
37203,0.0033,0
37204,0.0,0
37251,0.0,0
37253,0.0,0
37260,0.0,0
37268,0.0367,0
37287,0.0,0
37299,0.0,0
37305,0.0033,0
37311,0.0033,0
37371,0.0,0
37380,0.0,0
37385,0.0,0
37402,0.0,0
37412,0.0067,0
37441,0.0067,0
37449,0.0,0
37450,0.0,0
37452,0.0,0
37453,0.0,0
37456,0.1967,0
37457,0.0433,0
37468,0.0,0
37469,0.0033,0
37473,0.0,0
37474,0.07,0
37475,0.0,0
37476,0.0,0
37482,0.0,0
37483,0.0,0
37509,0.3133,0
37510,0.0133,0
37514,0.6533,1
37516,0.0,0
37518,0.0067,0
37519,0.02,0
37520,0.0,0
37522,0.02,0
37525,0.0,0
37536,0.0,0
37540,0.0,0
37541,0.0,0
37562,0.0,0
37569,0.0,0
37571,0.0,0
37573,0.0,0
37574,0.0,0
37575,0.0,0
37576,0.0033,0
37588,0.0,0
37598,0.0,0
37602,0.0,0
37603,0.0,0
37609,0.0,0
37611,0.0,0
37612,0.0,0
37613,0.0,0
37616,0.0,0
37617,0.0,0
37618,0.0633,0
37619,0.0,0
37621,0.0,0
37622,0.09,0
37625,0.0,0
37626,0.0,0
37629,0.0,0
37632,0.0233,0
37633,0.0,0
37638,0.1867,0
37671,0.0,0
37686,0.0067,0
37700,0.0,0
37712,0.0,0
37714,0.0,0
37716,0.0,0
37718,0.0,0
37725,0.1067,0
37729,0.0,0
37772,0.0,0
37778,0.0,0
37782,0.0,0
37786,0.0,0
37789,0.0,0
37793,0.0,0
37794,0.0,0
37797,0.0,0
37798,0.0,0
37799,0.1367,0
37800,0.0,0
37801,0.0,0
37820,0.9133,1
37822,0.0033,0
37824,0.1833,0
37825,0.2633,0
37828,0.0,0
37839,0.0,0
37845,0.0,0
37846,0.0,0
37847,0.0067,0
37851,0.0033,0
37854,0.0,0
37856,0.0033,0
37858,0.0,0
37860,0.01,0
37867,0.0,0
37869,0.0,0
37871,0.0,0
37874,0.0,0
37875,0.0,0
37906,0.0,0
37907,0.02,0
37908,0.53,1
37910,0.1433,0
37912,0.0,0
37914,0.0433,0
37916,0.0,0
37923,0.0,0
37924,0.0,0
37932,0.0,0
37933,0.0,0
37937,0.0,0
37938,0.0,0
37948,0.0,0
37952,0.0,0
37955,0.0,0
37956,0.0,0
37957,0.0033,0
37958,0.0,0
37966,0.0,0
37971,0.0,0
37977,0.0,0
37978,0.0033,0
37980,0.2167,0
37981,0.0,0
37984,0.0,0
37985,0.0,0
37987,0.0,0
37988,0.0233,0
37989,0.0,0
37990,0.0,0
37991,0.4833,0
37993,0.0,0
37994,0.0,0
37997,0.0,0
38000,0.0467,0
38001,0.0,0
38002,0.0,0
38004,0.0,0
38006,0.0,0
38007,0.0,0
38008,0.0,0
38009,0.0,0
38011,0.06,0
38012,0.0,0
38013,0.0,0
38015,0.0,0
38018,0.0,0
38022,0.0,0
38023,0.0,0
38024,0.0,0
38025,0.0,0
38026,0.0,0
38027,0.0,0
38031,0.0433,0
38032,0.0067,0
38033,0.0,0
38035,0.0,0
38036,0.0033,0
38037,0.13,0
38039,0.0067,0
38040,0.0,0
38042,0.0433,0
38043,0.1667,0
38044,0.0,0
38045,0.0067,0
38046,0.0033,0
38048,0.0033,0
38049,0.1333,0
38051,0.0,0
38054,0.0233,0
38055,0.0,0
38058,0.0,0
38059,0.0,0
38060,0.0,0
38062,0.0,0
38063,0.0,0
38068,0.0467,0
38072,0.0,0
38075,0.0,0
38090,0.0,0
38091,0.0,0
38165,0.0033,0
38174,0.0,0
38184,0.0,0
38227,0.0,0
38242,0.0933,0
38245,0.0,0
38252,0.0,0
38256,0.0,0
38258,0.0,0
38267,0.0,0
38270,0.0,0
38313,0.0,0
38332,0.0,0
38333,0.0,0
38334,0.0,0
38335,0.0,0
38375,0.0,0
38376,0.0,0
38379,0.0,0
38385,0.0,0
38386,0.0,0
38398,0.0,0
38400,0.0,0
38405,0.0,0
38408,0.0067,0
38412,0.0,0
38414,0.0,0
38417,0.0,0
38418,0.0,0
38420,0.0,0
38421,0.0,0
38422,0.0,0
38423,0.0,0
38430,0.0,0
38431,0.0733,0
38432,0.0,0
38433,0.0033,0
38439,0.0,0
38474,0.0,0
38485,0.0,0
38497,0.0,0
38506,0.0033,0
38516,0.0,0
38525,0.0,0
38580,0.0,0
38583,0.0,0
38585,0.0,0
38589,0.0,0
38592,0.0,0
38599,0.0,0
38606,0.0,0
38609,0.0,0
38611,0.0,0
38612,0.0,0
38613,0.0,0
38614,0.01,0
38615,0.0,0
38616,0.0,0
38620,0.0,0
38654,0.0667,0
38656,0.0,0
38657,0.0,0
38660,0.0033,0
38661,0.38,0
38662,0.0,0
38663,0.3567,0
38665,0.0,0
38666,0.0,0
38667,0.0,0
38672,0.0,0
38673,0.0,0
38708,0.0,0
38712,0.0633,0
38714,0.02,0
38715,0.0,0
38716,0.0133,0
38718,0.0,0
38719,0.0033,0
38721,0.0,0
38722,0.0,0
38723,0.0,0
38724,0.0,0
38727,0.0,0
38734,0.0,0
38735,0.0,0
38737,0.0,0
38739,0.0,0
38740,0.0067,0
38741,0.0,0
38742,0.0,0
38743,0.0033,0
38744,0.0,0
38748,0.0,0
38753,0.0,0
38754,0.0,0
38755,0.0,0
38756,0.0,0
38757,0.41,0
38759,0.0,0
38769,0.0,0
38775,0.0,0
38777,0.0,0
38817,0.0,0
38868,0.0,0
38869,0.0,0
38887,0.0,0
38893,0.0,0
38895,0.0,0
38897,0.0033,0
38899,0.0,0
38900,0.0,0
38901,0.15,0
38903,0.0,0
38910,0.0,0
38915,0.0,0
38922,0.0067,0
38923,0.0,0
38925,0.0,0
38928,0.0,0
38934,0.0,0
38935,0.0,0
38937,0.0,0
38947,0.0,0
38973,0.0,0
39015,0.0467,0
39048,0.0,0
39075,0.0,0
39087,0.0,0
39094,0.0,0
39098,0.0,0
39101,0.0,0
39120,0.0,0
39146,0.0,0
39155,0.0,0
39174,0.0,0
39222,0.0,0
39266,0.0,0
39289,0.0,0
39290,0.0033,0
39297,0.0,0
39304,0.0,0
39306,0.0,0
39312,0.0,0
39313,0.0,0
39410,0.0,0
39411,0.7167,1
39412,0.0,0
39433,0.0367,0
39434,0.0067,0
39442,0.0,0
39475,0.0,0
39487,0.0067,0
39490,0.0,0
39496,0.0,0
39521,0.0,0
39546,0.0,0
39548,0.0,0
39573,0.0,0
39578,0.0,0
39579,0.0,0
39582,0.0,0
39587,0.0,0
39588,0.0,0
39602,0.0,0
39619,0.0,0
39620,0.0,0
39660,0.0,0
39701,0.0,0
39709,0.0867,0
39710,0.0,0
39711,0.0,0
39780,0.0,0
39783,0.02,0
39828,0.0,0
39838,0.0,0
39840,0.0,0
39842,0.0033,0
39843,0.0,0
39872,0.0,0
39890,0.0,0
39892,0.0,0
39893,0.14,0
39894,0.0,0
39903,0.0,0
39926,0.0,0
39955,0.0,0
39965,0.0,0
39969,0.0,0
39980,0.0,0
39983,0.0,0
39989,0.0,0
39996,0.0333,0
39999,0.0,0
40001,0.0,0
40002,0.0,0
40006,0.0,0
40007,0.0,0
40008,0.0,0
40009,0.0,0
40019,0.0,0
40033,0.0,0
40041,0.0,0
40043,0.0,0
40045,0.0,0
40046,0.0,0
40064,0.0,0
40138,0.0,0
40140,0.0,0
40143,0.2633,0
40144,0.0,0
40145,0.0167,0
40146,0.0033,0
40147,0.0033,0
40148,0.0,0
40149,0.01,0
40156,0.0,0
40159,0.0,0
40189,0.0,0
40197,0.0,0
40230,0.0833,0
40235,0.0067,0
40239,0.0,0
40257,0.0,0
40258,0.0,0
40259,0.0,0
40260,0.0,0
40296,0.0,0
40312,0.0067,0
40316,0.0,0
40317,0.0267,0
40334,0.0367,0
40335,0.83,1
40341,0.0,0
40342,0.01,0
40345,0.0,0
40372,0.0,0
40377,0.0,0
40380,0.0,0
40382,0.0,0
40386,0.0033,0
40387,0.0067,0
40388,0.82,1
40390,0.04,0
40392,0.0033,0
40393,0.0,0
40394,0.0,0
40397,0.0,0
40398,0.6133,1
40399,0.0,0
40404,0.0533,0
40410,0.02,0
40411,0.0,0
40412,0.0933,0
40413,0.14,0
40421,0.19,0
40430,0.0,0
40434,0.0,0
40439,0.0,0
40443,0.02,0
40447,0.0,0
40454,0.0467,0
40464,0.0,0
40469,0.0867,0
40470,0.0033,0
40471,0.0,0
40474,0.0,0
40475,0.0,0
40476,0.0,0
40478,0.0,0
40480,0.0,0
40497,0.0033,0
40498,0.0033,0
40502,0.0033,0
40503,0.0,0
40504,0.0,0
40508,0.6967,1
40512,0.0,0
40513,0.0,0
40514,0.0,0
40516,0.0,0
40519,0.0,0
40520,0.0,0
40536,0.0633,0
40538,0.1867,0
40547,0.0,0
40564,0.04,0
40571,0.0,0
40577,0.0,0
40579,0.0067,0
40581,0.0,0
40584,0.0,0
40585,0.0,0
40586,0.0,0
40591,0.0,0
40592,0.0,0
40600,0.0,0
40601,0.0,0
40602,0.0,0
40603,0.0,0
40605,0.0,0
40606,0.0,0
40626,0.0,0
40645,0.6067,1
40647,0.0,0
40668,0.0033,0
40669,0.0167,0
40673,0.0,0
40674,0.0,0
40675,0.0767,0
40676,0.0,0
40678,0.0,0
40679,0.0,0
40680,0.0,0
40683,0.0,0
40686,0.01,0
40708,0.0,0
40723,0.0,0
40730,0.0,0
40731,0.0,0
40732,0.0,0
40733,0.0,0
40734,0.0,0
40735,0.01,0
40738,0.0,0
40739,0.0,0
40741,0.0,0
40746,0.0,0
40748,0.0,0
40757,0.0,0
40758,0.0,0
40781,0.0,0
40782,0.0,0
40787,0.1833,0
40798,0.0,0
40802,0.0,0
40806,0.0,0
40810,0.0,0
40821,0.0,0
40835,0.0,0
40838,0.0,0
40849,0.0,0
40851,0.0,0
40879,0.0,0
40882,0.0033,0
40883,0.0,0
40896,0.0,0
40906,0.0,0
40907,0.0,0
40912,0.0,0
40915,0.0033,0
40916,0.0,0
40917,0.1867,0
40919,0.0,0
40921,0.0,0
40922,0.0,0
40925,0.0233,0
40927,0.0133,0
40928,0.0,0
40929,0.0,0
40930,0.23,0
40931,0.0067,0
40932,0.38,0
40934,0.1733,0
40936,0.0,0
40939,0.0,0
40968,0.0,0
40969,0.0,0
40974,0.3733,0
40983,0.0,0
41005,0.4033,0
41006,0.0033,0
41011,0.0,0
41033,0.32,0
41037,0.0,0
41039,0.8933,1
41044,0.0,0
41046,0.0,0
41051,0.0033,0
41053,0.0033,0
41060,0.0,0
41061,0.0,0
41068,0.0,0
41069,0.0,0
41070,0.03,0
41071,0.0267,0
41072,0.0967,0
41086,0.7533,1
41089,0.0,0
41099,0.0,0
41102,0.0,0
41106,0.0,0
41107,0.0,0
41109,0.0,0
41111,0.0167,0
41116,0.0033,0
41119,0.0033,0
41123,0.05,0
41124,0.02,0
41126,0.0,0
41128,0.0,0
41129,0.0,0
41130,0.4533,0
41131,0.0067,0
41132,0.0,0
41133,0.0,0
41134,0.0033,0
41136,0.0,0
41137,0.0,0
41139,0.0,0
41146,0.0033,0
41148,0.0,0
41160,0.0,0
41163,0.01,0
41165,0.0033,0
41173,0.01,0
41182,0.0,0
41183,0.0,0
41188,0.0,0
41189,0.0,0
41191,0.02,0
41192,0.0,0
41195,0.0,0
41204,0.0,0
41210,0.0033,0
41212,0.0,0
41214,0.0,0
41216,0.0,0
41234,0.0,0
41275,0.0333,0
41295,0.0,0
41377,0.0,0
41428,0.0033,0
41430,0.0,0
41511,0.0,0
41561,0.1,0
41573,0.0,0
41622,0.0,0
41639,0.0,0
41657,0.0033,0
41658,0.0,0
41702,0.0,0
41712,0.02,0
41713,0.0,0
41750,0.0,0
41792,0.0,0
41859,0.0,0
41860,0.0033,0
41865,0.0,0
41866,0.0,0
41927,0.0,0
41988,0.0,0
42082,0.0,0
42120,0.0,0
42209,0.0,0
42264,0.0,0
42281,0.0,0
42286,0.0,0
42288,0.0,0
42289,0.0,0
42314,0.0,0
42315,0.0,0
42323,0.0,0
42327,0.0,0
42345,0.0,0
42349,0.0,0
42434,0.0,0
42579,0.0,0
42583,0.03,0
42600,0.0,0
42601,0.0367,0
42606,0.0,0
42659,0.0,0
42676,0.0,0
42688,0.0,0
42690,0.0,0
42728,0.0,0
42734,0.0,0
42773,0.0,0
42777,0.5033,1
42782,0.0,0
42800,0.0,0
42844,0.0,0
42845,0.0,0
42861,0.0,0
42863,0.0,0
42935,0.0,0
42945,0.0367,0
42946,0.0,0
43119,0.0,0
43184,0.0,0
43270,0.0,0
43312,0.0,0
43313,0.0,0
43319,0.0,0
43348,0.0167,0
43359,0.0,0
43364,0.0,0
43424,0.0,0
43428,0.0,0
43466,0.0,0
43468,0.0,0
43588,0.0,0
43662,0.0,0
43670,0.0,0
43939,0.0,0
44175,0.0,0
44396,0.0,0
44435,0.0,0
44491,0.0967,0
44597,0.0,0
44651,0.14,0
44786,0.0,0
44797,0.0,0
44808,0.0,0
44809,0.09,0
44882,0.0,0
44931,0.0,0
44990,0.0,0
45032,0.0067,0
45044,0.01,0
45056,0.67,1
45068,0.0,0
45113,0.0,0
45149,0.0,0
45180,0.1,0
45218,0.0,0
45235,0.0,0
45238,0.0,0
45258,0.0,0
45259,0.0,0
45264,0.0133,0
45267,0.0,0
45272,0.0,0
45300,0.0,0
45312,0.0,0
45318,0.0,0
45324,0.0,0
45357,0.0,0
45376,0.0,0
45377,0.0,0
45379,0.0033,0
45389,0.0,0
45390,0.0,0
45410,0.0,0
45423,0.0,0
45433,0.0,0
45453,0.0,0
45509,0.0,0
45513,0.02,0
45553,0.0,0
45591,0.0,0
45600,0.0,0
45626,0.0033,0
45705,0.0,0
45720,0.0,0
45728,0.0,0
45760,0.0,0
45784,0.0,0
45813,0.0,0
45843,0.0,0
45854,0.0,0
45861,0.0,0
45863,0.0,0
45870,0.0,0
45876,0.0,0
45879,0.0,0
45882,0.0,0
45886,0.0,0
45890,0.0,0
45892,0.0,0
45899,0.0,0
45904,0.0,0
45961,0.0,0
45996,0.0,0
46000,0.0,0
46006,0.0,0
46010,0.0067,0
46011,0.0833,0
46013,0.0,0
46050,0.0,0
46061,0.0,0
46065,0.0,0
46091,0.0033,0
46098,0.0,0
46122,0.0,0
46133,0.0,0
46232,0.0,0
46274,0.0033,0
46291,0.0,0
46336,0.0,0
46350,0.0,0
46383,0.0,0
46387,0.0,0
46404,0.0,0
46412,0.1967,0
46418,0.0,0
46421,0.0,0
46428,0.0,0
46468,0.0,0
46475,0.0,0
46476,0.0,0
46480,0.0,0
46488,0.0,0
46494,0.0,0
46509,0.0,0
46519,0.0,0
46520,0.0,0
46524,0.0,0
46526,0.0,0
46528,0.0,0
46529,0.0,0
46568,0.0,0
46587,0.0,0
46608,0.0,0
46617,0.0,0
46623,0.0,0
46627,0.0,0
46637,0.0,0
46646,0.0,0
46655,0.0,0
46701,0.0,0
46721,0.0033,0
46750,0.0,0
46815,0.0,0
46830,0.0,0
46834,0.0,0
46844,0.0,0
46849,0.0,0
46850,0.0,0
46896,0.0,0
46897,0.0,0
46900,0.0,0
46927,0.0033,0
46934,0.0,0
46936,0.0,0
46937,0.0,0
46944,0.0,0
46945,0.48,0
46946,0.0,0
46949,0.0,0
46965,0.0,0
46969,0.0,0
46993,0.0,0
47001,0.0,0
47032,0.0067,0
47036,0.0,0
47037,0.0,0
47067,0.0,0
47074,0.0067,0
47092,0.0,0
47122,0.0,0
47138,0.0,0
47142,0.0,0
47220,0.0,0
47225,0.0,0
47272,0.05,0
47298,0.0,0
47302,0.0,0
47350,0.0,0
47351,0.0,0
47353,0.0,0
47354,0.0,0
47358,0.0,0
47360,0.0,0
47361,0.0033,0
47362,0.0,0
47368,0.0,0
47369,0.0,0
47376,0.0,0
47378,0.0,0
47379,0.0467,0
47380,0.0067,0
47406,0.0,0
47415,0.0,0
47432,0.0,0
47433,0.3367,0
47436,0.0,0
47443,0.0,0
47447,0.0167,0
47454,0.0,0
47455,0.0,0
47456,0.0,0
47457,0.0,0
47485,0.0,0
47489,0.0,0
47490,0.0,0
47502,0.05,0
47503,0.0,0
47510,0.0,0
47515,0.0067,0
47521,0.0,0
47523,0.0,0
47537,0.0,0
47547,0.0167,0
47549,0.0,0
47550,0.0,0
47563,0.0,0
47564,0.0,0
47569,0.03,0
47577,0.0,0
47578,0.0,0
47580,0.0,0
47601,0.0,0
47604,0.0,0
47617,0.0,0
47622,0.0,0
47625,0.0,0
47649,0.0033,0
47653,0.4,0
47664,0.0,0
47666,0.0,0
47667,0.0,0
47693,0.02,0
47695,0.0033,0
47700,0.0,0
47711,0.0,0
47712,0.0,0
47716,0.0,0
47719,0.0,0
47722,0.15,0
47745,0.0,0
47753,0.0,0
47755,0.0,0
47761,0.0,0
47762,0.0,0
47765,0.0,0
47766,0.0,0
47769,0.0,0
47806,0.0,0
47818,0.07,0
47819,0.0,0
47834,0.0033,0
47836,0.0,0
47838,0.32,0
47843,0.0,0
47845,0.0,0
47849,0.0033,0
47850,0.0,0
47851,0.0,0
47871,0.0,0
47912,0.0,0
47916,0.0,0
47928,0.0,0
47934,0.0,0
47941,0.0,0
47945,0.0,0
47949,0.0033,0
47959,0.0,0
47966,0.0,0
47968,0.0,0
47973,0.0,0
48024,0.0,0
48025,0.0233,0
48034,0.0,0
48038,0.0,0
48056,0.0,0
48057,0.0,0
48060,0.0,0
48063,0.0,0
48068,0.0,0
48073,0.0,0
48079,0.0,0
48110,0.0,0
48112,0.0067,0
48114,0.0,0
48120,0.0,0
48123,0.02,0
48124,0.0,0
48127,0.0,0
48130,0.0,0
48146,0.0,0
48152,0.0,0
48153,0.0133,0
48154,0.0,0
48158,0.0,0
48160,0.0,0
48164,0.0,0
48168,0.0,0
48172,0.0,0
48173,0.0,0
48176,0.0,0
48182,0.0,0
48187,0.0,0
48193,0.0,0
48195,0.0,0
48202,0.0,0
48203,0.0,0
48210,0.0,0
48214,0.0267,0
48216,0.0,0
48225,0.0,0
48228,0.0,0
48229,0.0,0
48233,0.0,0
48236,0.0067,0
48239,0.0,0
48243,0.0,0
48248,0.0,0
48253,0.0,0
48256,0.1533,0
48259,0.0,0
48261,0.0,0
48263,0.0,0
48264,0.0,0
48267,0.0,0
48268,0.0,0
48270,0.0,0
48271,0.0,0
48272,0.05,0
48276,0.0,0
48277,0.0,0
48278,0.0,0
48282,0.0,0
48283,0.0,0
48284,0.0,0
48285,0.0,0
48296,0.0,0
48297,0.0,0
48298,0.04,0
48299,0.0,0
48300,0.0,0
48312,0.0,0
48316,0.0,0
48320,0.0,0
48321,0.0,0
48332,0.0,0
48339,0.0,0
48343,0.09,0
48346,0.0,0
48351,0.0033,0
48356,0.01,0
48357,0.0,0
48362,0.0,0
48367,0.0,0
48369,0.0,0
48372,0.0,0
48374,0.0,0
48376,0.0,0
48409,0.0,0
48410,0.0,0
48411,0.0,0
48412,0.0133,0
48427,0.0,0
48433,0.0,0
48434,0.0033,0
48442,0.0067,0
48452,0.0,0
48459,0.0033,0
48462,0.0,0
48469,0.0,0
48473,0.0,0
48477,0.0,0
48508,0.0,0
48514,0.0,0
48521,0.0167,0
48522,0.0,0
48523,0.0,0
48529,0.0133,0
48532,0.0,0
48538,0.0,0
48541,0.0,0
48542,0.0,0
48549,0.0,0
48554,0.0,0
48558,0.0,0
48559,0.0,0
48563,0.0,0
48591,0.0,0
48596,0.0,0
48597,0.0,0
48600,0.0,0
48602,0.0,0
48603,0.0,0
48604,0.0,0
48605,0.0,0
48608,0.0,0
48609,0.0367,0
48612,0.04,0
48613,0.0,0
48619,0.0,0
48621,0.0,0
48624,0.0,0
48626,0.0,0
48627,0.0,0
48629,0.0,0
48632,0.0733,0
48636,0.0,0
48637,0.0,0
48640,0.0,0
48644,0.0,0
48646,0.0,0
48647,0.0,0
48648,0.0,0
48659,0.0,0
48660,0.0433,0
48668,0.0,0
48673,0.16,0
48674,0.0,0
48678,0.0,0
48679,0.0,0
48680,0.0,0
48683,0.0,0
48684,0.0133,0
48687,0.0033,0
48688,0.04,0
48692,0.0,0
48694,0.5833,1
48699,0.0,0
48702,0.0,0
48704,0.0,0
48705,0.0,0
48707,0.0,0
48711,0.0,0
48714,0.0,0
48716,0.0,0
48723,0.0,0
48724,0.0,0
48727,0.0,0
48728,0.0,0
48729,0.0,0
48731,0.0,0
48732,0.0,0
48733,0.0,0
48734,0.0,0
48736,0.0,0
48737,0.0,0
48738,0.0,0
48739,0.0,0
48740,0.0033,0
48741,0.0,0
48742,0.0,0
48743,0.0,0
48745,0.0,0
48746,0.0,0
48749,0.1533,0
48750,0.5967,1
48751,0.12,0
48752,0.0,0
48756,0.0,0
48762,0.0,0
48763,0.0,0
48764,0.02,0
48766,0.01,0
48767,0.0,0
48768,0.0,0
48769,0.0033,0
48771,0.0,0
48774,0.0,0
48775,0.1167,0
48777,0.0,0
48780,0.0033,0
48781,0.0067,0
48784,0.0,0
48787,0.0,0
48788,0.02,0
48791,0.0,0
48792,0.0,0
48793,0.0,0
48796,0.0,0
48797,0.0,0
48799,0.0,0
48800,0.0,0
48803,0.0,0
48805,0.0,0
48806,0.0,0
48807,0.0,0
48808,0.0,0
48809,0.0,0
48810,0.2767,0
48811,0.0,0
48812,0.0,0
48813,0.0,0
48815,0.0,0
48818,0.0033,0
48819,0.22,0
48821,0.0,0
48822,0.0,0
48823,0.0,0
48824,0.0,0
48825,0.0067,0
48827,0.0,0
48828,0.0,0
48829,0.08,0
48830,0.0,0
48831,0.0467,0
48833,0.0367,0
48836,0.0,0
48837,0.0,0
48840,0.0,0
48841,0.0,0
48842,0.0,0
48843,0.0,0
48844,0.0,0
48846,0.06,0
48847,0.3233,0
48848,0.0,0
48849,0.0,0
48850,0.0,0
48852,0.0,0
48853,0.01,0
48855,0.0,0
48856,0.0867,0
48857,0.0,0
48859,0.0,0
48860,0.0,0
48861,0.0,0
48865,0.0,0
48866,0.0,0
48867,0.0,0
48876,0.0,0
48882,0.0333,0
48883,0.0033,0
48885,0.0,0
48889,0.0,0
48890,0.0,0
48891,0.0,0
48892,0.0033,0
48893,0.0,0
48895,0.0,0
48898,0.0,0
48899,0.0,0
48900,0.0,0
48902,0.5033,1
48903,0.0167,0
48905,0.0,0
48906,0.0,0
48908,0.0067,0
48911,0.03,0
48917,0.0,0
48920,0.0,0
48922,0.0,0
48924,0.04,0
48926,0.0,0
48930,0.0,0
48931,0.0067,0
48932,0.0,0
48933,0.0,0
48934,0.0,0
48935,0.0,0
48937,0.0,0
48938,0.0,0
48941,0.17,0
48943,0.0,0
48944,0.0,0
48947,0.0,0
48956,0.0,0
48958,0.0,0
48960,0.0233,0
48961,0.0,0
48964,0.0033,0
48965,0.0,0
48974,0.0,0
48976,0.0,0
48977,0.8433,1
48979,0.02,0
48984,0.0067,0
48986,0.0,0
48989,0.0,0
48991,0.2267,0
48994,0.0,0
48996,0.0,0
49000,0.0,0
49001,0.0,0
49007,0.0,0
49010,0.0,0
49011,0.0167,0
49013,0.0,0
49015,0.0133,0
49017,0.0,0
49019,0.0,0
49022,0.0067,0
49023,0.0,0
49025,0.0,0
49026,0.0,0
49027,0.0,0
49028,0.0,0
49037,0.0,0
49040,0.0,0
49045,0.0,0
49046,0.0,0
49047,0.0,0
49049,0.0533,0
49052,0.02,0
49054,0.0,0
49055,0.0,0
49057,0.0167,0
49058,0.0167,0
49060,0.0,0
49069,0.0,0
49072,0.0033,0
49073,0.0,0
49074,0.0,0
49076,0.0,0
49078,0.0,0
49079,0.0,0
49081,0.0,0
49082,0.0033,0
49087,0.0133,0
49089,0.0,0
49090,0.01,0
49091,0.04,0
49093,0.0,0
49095,0.0,0
49097,0.0,0
49098,0.0,0
49099,0.0,0
49100,0.0,0
49102,0.0,0
49103,0.0,0
49104,0.0,0
49112,0.0,0
49116,0.0,0
49118,0.0,0
49123,0.0,0
49124,0.0467,0
49125,0.0,0
49126,0.0,0
49127,0.0,0
49130,0.0,0
49131,0.0,0
49134,0.0,0
49136,0.04,0
49138,0.0,0
49141,0.2067,0
49143,0.0,0
49144,0.0,0
49148,0.0,0
49150,0.0,0
49152,0.0,0
49153,0.0,0
49154,0.0,0
49155,0.0,0
49158,0.0,0
49159,0.0667,0
49162,0.0,0
49163,0.0,0
49167,0.0,0
49168,0.53,1
49170,0.0,0
49171,0.0,0
49173,0.4633,0
49177,0.0,0
49179,0.0,0
49180,0.0033,0
49181,0.0067,0
49182,0.0133,0
49183,0.0,0
49184,0.0,0
49185,0.0,0
49187,0.0,0
49188,0.0,0
49197,0.0,0
49199,0.0033,0
49200,0.0,0
49201,0.0,0
49203,0.0,0
49206,0.0,0
49207,0.0367,0
49208,0.0,0
49218,0.0,0
49222,0.01,0
49224,0.0,0
49228,0.0067,0
49231,0.0,0
49232,0.0,0
49236,0.0,0
49237,0.0,0
49238,0.0033,0
49239,0.0,0
49240,0.0,0
49241,0.0,0
49242,0.0233,0
49244,0.0167,0
49246,0.0167,0
49247,0.0,0
49248,0.0,0
49249,0.0,0
49250,0.0067,0
49253,0.04,0
49256,0.0,0
49260,0.0,0
49273,0.0,0
49274,0.0,0
49278,0.0667,0
49279,0.06,0
49281,0.0,0
49282,0.0,0
49285,0.0,0
49289,0.0,0
49291,0.0,0
49293,0.0,0
49301,0.0,0
49302,0.0,0
49303,0.0067,0
49307,0.0,0
49308,0.0067,0
49310,0.0,0
49311,0.1,0
49312,0.0,0
49315,0.0,0
49316,0.0,0
49318,0.0367,0
49323,0.0,0
49324,0.0,0
49328,0.0,0
49331,0.0033,0
49335,0.0,0
49339,0.0033,0
49344,0.2767,0
49346,0.0,0
49348,0.0067,0
49349,0.0,0
49350,0.0,0
49352,0.0,0
49353,0.0,0
49355,0.0,0
49366,0.0,0
49367,0.0,0
49368,0.0,0
49370,0.0,0
49371,0.0,0
49373,0.0,0
49374,0.0,0
49376,0.0,0
49380,0.0,0
49383,0.0,0
49384,0.0,0
49385,0.0033,0
49386,0.0,0
49387,0.0,0
49389,0.0,0
49391,0.0,0
49392,0.0,0
49394,0.0267,0
49395,0.0,0
49397,0.0,0
49405,0.0,0
49406,0.0,0
49408,0.0,0
49409,0.0,0
49415,0.0,0
49418,0.0,0
49420,0.0,0
49423,0.0,0
49424,0.0,0
49426,0.0,0
49432,0.0,0
49437,0.0,0
49440,0.0067,0
49450,0.0933,0
49451,0.0,0
49461,0.0,0
49462,0.0,0
49463,0.0,0
49464,0.0,0
49473,0.0,0
49475,0.0,0
49480,0.0767,0
49481,0.0367,0
49485,0.0,0
49495,0.0,0
49496,0.0,0
49497,0.0,0
49498,0.2967,0
49499,0.0,0
49500,0.0,0
49504,0.0133,0
49507,0.0033,0
49516,0.0333,0
49526,0.0,0
49527,0.0,0
49530,0.0,0
49532,0.0,0
49534,0.0,0
49539,0.0,0
49541,0.0,0
49542,0.0167,0
49543,0.0,0
49544,0.0,0
49546,0.0,0
49551,0.0033,0
49552,0.0,0
49557,0.0,0
49559,0.0,0
49560,0.0,0
49561,0.0,0
49562,0.0,0
49565,0.0033,0
49566,0.0,0
49573,0.0,0
49576,0.0,0
49589,0.0,0
49595,0.0,0
49597,0.0,0
49604,0.0,0
49610,0.0033,0
49613,0.0033,0
49614,0.0,0
49615,0.01,0
49616,0.0,0
49617,0.0333,0
49623,0.0,0
49627,0.0,0
49635,0.0,0
49638,0.0,0
49645,0.0,0
49650,0.0,0
49656,0.0,0
49660,0.0,0
49661,0.0,0
49663,0.0,0
49665,0.0,0
49668,0.0,0
49669,0.0,0
49670,0.0,0
49671,0.0,0
49685,0.0,0
49700,0.0,0
49704,0.0,0
49707,0.0033,0
49712,0.0,0
49716,0.0,0
49721,0.0,0
49722,0.0,0
49723,0.0,0
49726,0.0033,0
49727,0.0,0
49728,0.0,0
49729,0.0,0
49731,0.0,0
49732,0.0133,0
49733,0.0,0
49736,0.4167,0
49740,0.0,0
49745,0.0,0
49746,0.0033,0
49754,0.0033,0
49755,0.0,0
49756,0.0,0
49758,0.0,0
49760,0.0,0
49762,0.0,0
49766,0.0,0
49770,0.0,0
49771,0.0,0
49772,0.0,0
49774,0.0033,0
49775,0.0,0
49781,0.0,0
49793,0.0,0
49795,0.0,0
49797,0.0033,0
49802,0.0,0
49803,0.0,0
49806,0.0,0
49811,0.0,0
49812,0.0,0
49814,0.0,0
49821,0.0,0
49823,0.13,0
49825,0.0,0
49826,0.0,0
49827,0.0,0
49833,0.0,0
49836,0.0,0
49837,0.0,0
49840,0.0,0
49842,0.0,0
49843,0.0,0
49848,0.0,0
49849,0.0,0
49855,0.0,0
49860,0.0,0
49861,0.0,0
49864,0.0,0
49868,0.0,0
49869,0.01,0
49870,0.0033,0
49872,0.0,0
49882,0.02,0
49888,0.1133,0
49890,0.0,0
49891,0.0,0
49895,0.0,0
49901,0.2867,0
49910,0.0067,0
49912,0.0067,0
49913,0.0,0
49914,0.0,0
49921,0.0,0
49922,0.0,0
49925,0.0,0
49928,0.0,0
49929,0.0,0
49931,0.0,0
49932,0.0067,0
49933,0.0,0
49935,0.0,0
49938,0.0,0
49941,0.0,0
49945,0.0,0
49946,0.0,0
49952,0.0,0
49954,0.0,0
49955,0.0067,0
49958,0.0,0
49959,0.5333,1
49968,0.0,0
49970,0.0,0
49972,0.0,0
49975,0.0,0
49978,0.0,0
49979,0.0,0
49982,0.0033,0
49983,0.0233,0
49984,0.0,0
49987,0.0,0
49988,0.0,0
49991,0.0233,0
49992,0.0,0
49994,0.0067,0
49998,0.0,0
50001,0.0,0
50005,0.0,0
50007,0.0,0
50008,0.0,0
50009,0.0,0
50010,0.0,0
50011,0.11,0
50012,0.0,0
50013,0.0,0
50017,0.0,0
50019,0.0,0
50022,0.0,0
50023,0.0,0
50025,0.0,0
50026,0.0,0
50036,0.0,0
50042,0.0,0
50048,0.0033,0
50049,0.0033,0
50051,0.0,0
50056,0.0,0
50057,0.0,0
50058,0.0,0
50061,0.0033,0
50062,0.0067,0
50069,0.0,0
50070,0.0,0
50080,0.0,0
50082,0.0033,0
50083,0.0,0
50085,0.0,0
50087,0.0,0
50088,0.0033,0
50091,0.0,0
50093,0.0033,0
50095,0.01,0
50096,0.0,0
50097,0.0,0
50098,0.0,0
50099,0.0,0
50100,0.0,0
50101,0.0,0
50111,0.0,0
50114,0.0033,0
50119,0.0,0
50121,0.0,0
50125,0.0,0
50129,0.0,0
50131,0.0,0
50133,0.0267,0
50134,0.0,0
50139,0.0,0
50140,0.0333,0
50141,0.0,0
50142,0.0,0
50143,0.0,0
50144,0.0,0
50145,0.0,0
50148,0.0,0
50154,0.0,0
50155,0.0,0
50156,0.0033,0
50161,0.0,0
50162,0.0,0
50170,0.0067,0
50172,0.0,0
50175,0.0,0
50176,0.0,0
50178,0.0,0
50179,0.0,0
50183,0.0,0
50184,0.0,0
50188,0.0033,0
50189,0.0,0
50191,0.0,0
50194,0.0,0
50196,0.0,0
50197,0.0,0
50204,0.0133,0
50216,0.0,0
50219,0.0033,0
50221,0.04,0
50225,0.0,0
50230,0.0,0
50232,0.0,0
50233,0.1067,0
50234,0.0,0
50235,0.0267,0
50243,0.0,0
50245,0.0033,0
50246,0.3433,0
50251,0.2267,0
50253,0.0,0
50256,0.0,0
50258,0.12,0
50259,0.0067,0
50261,0.2867,0
50262,0.0,0
50267,0.02,0
50269,0.0,0
50270,0.0033,0
50271,0.0,0
50275,0.0,0
50286,0.0,0
50289,0.3833,0
50293,0.0,0
50298,0.0,0
50299,0.0,0
50309,0.0,0
50311,0.0,0
50317,0.0033,0
50318,0.05,0
50319,0.0,0
50320,0.0,0
50321,0.14,0
50322,0.0,0
50323,0.0,0
50324,0.01,0
50335,0.0,0
50336,0.0,0
50340,0.0,0
50341,0.0333,0
50343,0.0,0
50348,0.0,0
50349,0.0,0
50352,0.0,0
50355,0.0,0
50356,0.0,0
50357,0.02,0
50360,0.0,0
50361,0.0,0
50363,0.0,0
50364,0.1133,0
50368,0.0,0
50390,0.0,0
50396,0.0,0
50398,0.0,0
50400,0.0,0
50402,0.0,0
50411,0.0,0
50415,0.0,0
50416,0.0,0
50417,0.0,0
50419,0.0,0
50422,0.0,0
50428,0.3867,0
50432,0.0033,0
50434,0.0,0
50445,0.0,0
50450,0.0,0
50451,0.0,0
50454,0.0,0
50462,0.0,0
50464,0.0,0
50465,0.0067,0
50466,0.0,0
50467,0.0333,0
50468,0.0,0
50469,0.0,0
50470,0.0233,0
50471,0.0,0
50472,0.0,0
50474,0.0,0
50488,0.0,0
50492,0.0,0
50495,0.0,0
50500,0.0,0
50501,0.0633,0
50504,0.0,0
50513,0.0067,0
50514,0.0033,0
50516,0.0133,0
50517,0.02,0
50519,0.0,0
50522,0.0,0
50523,0.0,0
50528,0.0,0
50530,0.0033,0
50533,0.0,0
50540,0.0,0
50542,0.0,0
50546,0.2133,0
50548,0.0,0
50549,0.0,0
50553,0.0,0
50555,0.0,0
50558,0.0,0
50560,0.0,0
50562,0.0,0
50565,0.0,0
50567,0.0,0
50568,0.0,0
50571,0.0,0
50573,0.0,0
50577,0.0,0
50581,0.0,0
50582,0.01,0
50583,0.0,0
50584,0.0,0
50587,0.0033,0
50588,0.0,0
50592,0.0,0
50596,0.0,0
50598,0.0,0
50599,0.0067,0
50600,0.0,0
50601,0.0,0
50603,0.0,0
50604,0.0,0
50609,0.0,0
50610,0.0,0
50612,0.02,0
50618,0.0,0
50619,0.0,0
50621,0.0,0
50626,0.0,0
50630,0.0,0
50632,0.0,0
50635,0.0,0
50636,0.0,0
50638,0.0,0
50640,0.0,0
50644,0.0,0
50651,0.0,0
50654,0.0,0
50656,0.0,0
50657,0.0,0
50659,0.0,0
50660,0.0,0
50661,0.0,0
50662,0.0033,0
50670,0.0,0
50671,0.0,0
50673,0.0,0
50677,0.0,0
50679,0.0,0
50684,0.0167,0
50685,0.0,0
50688,0.0,0
50690,0.0,0
50691,0.0,0
50694,0.0067,0
50698,0.0,0
50700,0.0,0
50708,0.0,0
50710,0.0,0
50714,0.0,0
50715,0.0,0
50721,0.0,0
50722,0.0067,0
50725,0.0,0
50727,0.0,0
50730,0.0,0
50733,0.0,0
50735,0.0,0
50736,0.0,0
50737,0.0,0
50738,0.0,0
50739,0.0,0
50741,0.0,0
50744,0.0,0
50746,0.0,0
50754,0.0067,0
50760,0.02,0
50765,0.0,0
50766,0.0,0
50767,0.0,0
50771,0.0,0
50773,0.0067,0
50775,0.0,0
50776,0.0,0
50779,0.0,0
50781,0.0,0
50782,0.0067,0
50785,0.0067,0
50789,0.0,0
50790,0.0,0
50792,0.0,0
50793,0.0,0
50796,0.0,0
50799,0.0,0
50803,0.6767,1
50805,0.0,0
50811,0.0,0
50812,0.0,0
50814,0.0667,0
50815,0.0,0
50816,0.0,0
50819,0.0,0
50824,0.0,0
50835,0.0567,0
50837,0.0067,0
50840,0.0,0
50842,0.0,0
50843,0.0,0
50844,0.0,0
50848,0.0,0
50849,0.0,0
50851,0.0367,0
50853,0.0,0
50857,0.0,0
50861,0.0,0
50867,0.1033,0
50871,0.0,0
50872,0.0,0
50873,0.0033,0
50874,0.0,0
50879,0.0,0
50884,0.0,0
50886,0.0,0
50889,0.0,0
50892,0.0,0
50896,0.0,0
50897,0.01,0
50898,0.05,0
50907,0.0,0
50909,0.0,0
50912,0.0,0
50916,0.0,0
50919,0.1167,0
50921,0.0,0
50922,0.0,0
50926,0.0033,0
50928,0.03,0
50929,0.0,0
50934,0.0,0
50935,0.0,0
50937,0.01,0
50938,0.0,0
50939,0.0,0
50944,0.0,0
50953,0.0,0
50954,0.0,0
50962,0.0,0
50963,0.0,0
50964,0.0,0
50969,0.0,0
50970,0.0433,0
50973,0.0333,0
50974,0.7967,1
50984,0.0133,0
50985,0.0,0
50987,0.0,0
50990,0.44,0
50991,0.0,0
50993,0.0,0
50996,0.0,0
50999,0.0033,0
51003,0.0167,0
51004,0.0,0
51011,0.0,0
51012,0.08,0
51014,0.0,0
51016,0.0967,0
51017,0.07,0
51020,0.0367,0
51022,0.0,0
51029,0.1833,0
51032,0.01,0
51034,0.0,0
51036,0.0,0
51039,0.0,0
51040,0.0,0
51045,0.19,0
51060,0.0,0
51071,0.0,0
51075,0.0,0
51083,0.0,0
51087,0.0067,0
51092,0.0,0
51094,0.0367,0
51096,0.0,0
51097,0.0033,0
51098,0.0,0
51115,0.0,0
51123,0.0133,0
51132,0.0,0
51136,0.0,0
51137,0.0,0
51139,0.0,0
51140,0.0,0
51143,0.0,0
51148,0.0,0
51152,0.0,0
51153,0.0,0
51157,0.0,0
51160,0.1133,0
51163,0.0,0
51165,0.0,0
51170,0.0,0
51172,0.0,0
51178,0.0,0
51180,0.0067,0
51181,0.0,0
51183,0.0,0
51184,0.0,0
51193,0.0033,0
51195,0.0,0
51198,0.0,0
51200,0.0033,0
51201,0.09,0
51203,0.0,0
51211,0.0,0
51213,0.0033,0
51214,0.0,0
51215,0.01,0
51223,0.0,0
51224,0.3,0
51225,0.0033,0
51229,0.0967,0
51234,0.0,0
51235,0.0067,0
51236,0.0,0
51240,0.0033,0
51248,0.0,0
51249,0.0,0
51251,0.0,0
51253,0.0267,0
51254,0.0,0
51256,0.0,0
51258,0.0,0
51266,0.0,0
51270,0.0,0
51271,0.0,0
51279,0.0,0
51287,0.0,0
51288,0.0,0
51289,0.0,0
51291,0.0067,0
51292,0.2433,0
51294,0.0,0
51309,0.0,0
51311,0.0,0
51314,0.0533,0
51317,0.0,0
51322,0.0,0
51338,0.0,0
51341,0.0,0
51346,0.0,0
51347,0.0,0
51350,0.1133,0
51353,0.0,0
51356,0.0,0
51363,0.0,0
51369,0.0,0
51371,0.3567,0
51373,0.0,0
51376,0.0,0
51385,0.0,0
51386,0.0,0
51387,0.0,0
51388,0.0,0
51390,0.0,0
51392,0.5467,1
51394,0.0,0
51396,0.0,0
51398,0.0,0
51399,0.0,0
51403,0.0033,0
51411,0.0,0
51413,0.02,0
51414,0.0133,0
51416,0.0,0
51418,0.0,0
51419,0.0,0
51422,0.0,0
51424,0.1867,0
51429,0.0,0
51431,0.0,0
51437,0.0,0
51438,0.0,0
51441,0.0,0
51442,0.0,0
51447,0.0,0
51450,0.0,0
51452,0.0,0
51457,0.0,0
51458,0.0,0
51460,0.0667,0
51461,0.0233,0
51462,0.0,0
51465,0.0,0
51466,0.0,0
51469,0.0,0
51470,0.0,0
51474,0.0,0
51475,0.57,1
51480,0.0467,0
51481,0.0,0
51482,0.3133,0
51484,0.0,0
51485,0.2267,0
51489,0.0,0
51490,0.0667,0
51497,0.0,0
51498,0.0,0
51506,0.0,0
51510,0.0,0
51512,0.1133,0
51516,0.0033,0
51520,0.0,0
51521,0.0,0
51523,0.0033,0
51524,0.0,0
51527,0.0,0
51531,0.0,0
51534,0.0,0
51535,0.0,0
51537,0.0,0
51538,0.0,0
51540,0.0,0
51541,0.0,0
51545,0.0,0
51546,0.0,0
51548,0.0,0
51549,0.0,0
51550,0.0,0
51551,0.0333,0
51553,0.0,0
51555,0.0,0
51557,0.0,0
51562,0.0,0
51572,0.0,0
51573,0.0033,0
51574,0.0,0
51576,0.0,0
51578,0.0,0
51579,0.0,0
51581,0.0,0
51582,0.0,0
51585,0.0,0
51587,0.0,0
51589,0.0167,0
51590,0.0433,0
51591,0.2267,0
51592,0.0,0
51595,0.02,0
51597,0.0,0
51599,0.0,0
51601,0.0333,0
51603,0.0433,0
51604,0.0,0
51605,0.0,0
51611,0.0,0
51612,0.0,0
51615,0.0,0
51617,0.0,0
51621,0.0,0
51622,0.0,0
51623,0.0,0
51624,0.0,0
51625,0.0,0
51627,0.0,0
51630,0.0,0
51631,0.0,0
51632,0.0,0
51633,0.0,0
51638,0.0,0
51639,0.0,0
51640,0.0033,0
51644,0.0,0
51646,0.1233,0
51650,0.0,0
51661,0.0,0
51669,0.0,0
51674,0.0,0
51676,0.25,0
51678,0.0,0
51685,0.0067,0
51689,0.0,0
51692,0.01,0
51695,0.0,0
51699,0.0,0
51700,0.0033,0
51704,0.0,0
51708,0.0,0
51711,0.0,0
51718,0.0,0
51727,0.0,0
51734,0.0,0
51736,0.0,0
51740,0.0,0
51747,0.0,0
51748,0.0,0
51751,0.0,0
51752,0.0,0
51758,0.0033,0
51760,0.0,0
51761,0.0,0
51762,0.0,0
51765,0.03,0
51770,0.0,0
51771,0.0033,0
51775,0.0133,0
51776,0.01,0
51777,0.02,0
51778,0.0,0
51786,0.0,0
51787,0.0,0
51791,0.2967,0
51792,0.0,0
51793,0.0,0
51795,0.0,0
51796,0.3367,0
51799,0.1167,0
51800,0.0133,0
51802,0.0,0
51804,0.0,0
51807,0.0,0
51808,0.0,0
51809,0.1233,0
51814,0.0,0
51817,0.0,0
51825,0.3633,0
51828,0.0067,0
51830,0.0,0
51833,0.0,0
51835,0.0,0
51839,0.0,0
51841,0.0,0
51842,0.0,0
51843,0.0,0
51845,0.0,0
51846,0.0,0
51847,0.0,0
51848,0.0,0
51859,0.0,0
51861,0.0,0
51865,0.0,0
51866,0.0067,0
51870,0.0,0
51872,0.0,0
51874,0.0,0
51881,0.03,0
51893,0.0033,0
51899,0.31,0
51903,0.0,0
51910,0.0,0
51916,0.0333,0
51918,0.3433,0
51919,0.5967,1
51924,0.0,0
51928,0.0,0
51936,0.0,0
51937,0.0,0
51940,0.0667,0
51943,0.0033,0
51947,0.0333,0
51952,0.0,0
51967,0.0,0
51969,0.0,0
51970,0.0,0
51971,0.0,0
51986,0.0,0
51988,0.0033,0
51989,0.0,0
51993,0.01,0
51997,0.0533,0
52005,0.0133,0
52010,0.0,0
52011,0.0033,0
52013,0.0,0
52019,0.0,0
52021,0.0,0
52035,0.0,0
52037,0.0,0
52039,0.0,0
52045,0.0,0
52046,0.0,0
52051,0.0267,0
52055,0.0,0
52059,0.0,0
52060,0.0,0
52064,0.0333,0
52065,0.0,0
52068,0.0,0
52070,0.0,0
52071,0.1533,0
52075,0.0,0
52077,0.0,0
52079,0.0,0
52081,0.0067,0
52082,0.0,0
52084,0.04,0
52085,0.0,0
52087,0.0067,0
52089,0.0,0
52090,0.0,0
52091,0.0033,0
52094,0.0033,0
52099,0.0,0
52103,0.0,0
52106,0.0,0
52110,0.0,0
52111,0.0033,0
52121,0.4533,0
52128,0.0,0
52129,0.0,0
52131,0.0,0
52142,0.02,0
52143,0.4667,0
52144,0.05,0
52148,0.0,0
52151,0.0,0
52155,0.0,0
52156,0.0033,0
52166,0.0,0
52168,0.0233,0
52169,0.0,0
52171,0.0067,0
52173,0.07,0
52175,0.0,0
52177,0.0167,0
52179,0.04,0
52183,0.0,0
52186,0.0133,0
52187,0.0,0
52188,0.0067,0
52190,0.0,0
52192,0.0,0
52201,0.0,0
52205,0.0,0
52206,0.0,0
52208,0.0367,0
52212,0.0,0
52225,0.0,0
52226,0.1667,0
52228,0.0,0
52232,0.0167,0
52234,0.0667,0
52238,0.0,0
52239,0.0,0
52240,0.0733,0
52241,0.0,0
52242,0.0,0
52244,0.0,0
52246,0.0,0
52247,0.0,0
52249,0.0,0
52250,0.2233,0
52253,0.0,0
52254,0.0,0
52255,0.2133,0
52258,0.0,0
52267,0.1933,0
52271,0.0,0
52276,0.0,0
52277,0.0,0
52282,0.4133,0
52287,0.0,0
52289,0.0,0
52293,0.07,0
52294,0.0067,0
52295,0.0,0
52297,0.0433,0
52298,0.0,0
52300,0.0,0
52302,0.0267,0
52304,0.0,0
52305,0.05,0
52306,0.0,0
52307,0.0,0
52310,0.0,0
52313,0.0,0
52316,0.0,0
52319,0.0,0
52320,0.0,0
52321,0.0,0
52322,0.0,0
52323,0.01,0
52325,0.0,0
52330,0.0,0
52333,0.0,0
52336,0.0,0
52339,0.0,0
52342,0.0033,0
52344,0.0,0
52345,0.0267,0
52346,0.0,0
52351,0.0,0
52356,0.0,0
52359,0.0,0
52361,0.0,0
52362,0.04,0
52365,0.0,0
52370,0.0,0
52373,0.0,0
52374,0.0,0
52375,0.0,0
52376,0.0,0
52378,0.0,0
52379,0.0,0
52380,0.0,0
52381,0.0,0
52382,0.01,0
52384,0.0,0
52387,0.01,0
52393,0.0,0
52394,0.0,0
52395,0.0,0
52396,0.0,0
52399,0.0033,0
52400,0.0,0
52402,0.0,0
52408,0.2167,0
52410,0.0067,0
52411,0.0,0
52419,0.0,0
52420,0.0,0
52422,0.0,0
52424,0.0,0
52425,0.0,0
52427,0.0,0
52428,0.0,0
52430,0.0,0
52431,0.0,0
52433,0.0,0
52436,0.0,0
52437,0.0533,0
52448,0.05,0
52449,0.01,0
52451,0.0,0
52452,0.0,0
52453,0.0,0
52455,0.0,0
52460,0.0067,0
52464,0.3433,0
52468,0.0,0
52470,0.0,0
52471,0.0,0
52472,0.0,0
52473,0.0,0
52475,0.0,0
52476,0.1133,0
52479,0.0,0
52482,0.0,0
52491,0.0,0
52492,0.0,0
52495,0.0,0
52497,0.0067,0
52501,0.0,0
52502,0.0,0
52503,0.0,0
52505,0.37,0
52511,0.0,0
52517,0.0,0
52518,0.0,0
52519,0.0,0
52520,0.0,0
52521,0.0,0
52523,0.0,0
52524,0.0,0
52529,0.0167,0
52533,0.0,0
52537,0.0,0
52539,0.0433,0
52542,0.0,0
52544,0.0,0
52549,0.0033,0
52552,0.0,0
52553,0.0,0
52555,0.0,0
52556,0.02,0
52558,0.0,0
52561,0.0,0
52565,0.0,0
52567,0.0,0
52569,0.0,0
52572,0.0,0
52573,0.0,0
52574,0.0,0
52576,0.0233,0
52586,0.0,0
52590,0.0,0
52597,0.0233,0
52600,0.0933,0
52603,0.0,0
52604,0.0033,0
52605,0.0,0
52607,0.0,0
52610,0.0,0
52611,0.1333,0
52613,0.0,0
52614,0.0,0
52615,0.0,0
52619,0.0,0
52622,0.0,0
52625,0.0,0
52627,0.0,0
52631,0.0,0
52636,0.04,0
52638,0.0,0
52639,0.01,0
52642,0.45,0
52644,0.62,1
52650,0.0,0
52651,0.0,0
52653,0.0,0
52654,0.0,0
52656,0.0,0
52659,0.0,0
52662,0.0033,0
52663,0.0,0
52664,0.0,0
52666,0.0633,0
52672,0.0,0
52675,0.0,0
52676,0.0,0
52680,0.0867,0
52681,0.0,0
52685,0.0067,0
52686,0.0,0
52687,0.0,0
52689,0.0,0
52690,0.0,0
52693,0.0,0
52696,0.0,0
52697,0.0,0
52699,0.0,0
52701,0.0,0
52705,0.0,0
52708,0.0133,0
52709,0.0033,0
52710,0.0,0
52719,0.0,0
52720,0.0033,0
52721,0.0167,0
52724,0.05,0
52727,0.0,0
52729,0.0,0
52732,0.1433,0
52737,0.0,0
52740,0.0,0
52741,0.0,0
52742,0.0,0
52745,0.0,0
52746,0.0,0
52751,0.0,0
52753,0.0,0
52759,0.0,0
52760,0.0,0
52763,0.0,0
52780,0.0,0
52781,0.0,0
52783,0.0,0
52784,0.0,0
52790,0.0,0
52792,0.0,0
52793,0.0,0
52794,0.0,0
52795,0.07,0
52797,0.0,0
52800,0.0,0
52803,0.0,0
52805,0.0633,0
52806,0.01,0
52821,0.0033,0
52825,0.0,0
52828,0.0,0
52832,0.26,0
52833,0.0,0
52835,0.35,0
52838,0.0,0
52847,0.0,0
52848,0.0,0
52849,0.08,0
52850,0.0,0
52851,0.0,0
52853,0.0,0
52854,0.0,0
52856,0.0,0
52870,0.0,0
52872,0.0067,0
52874,0.0,0
52878,0.0,0
52880,0.0,0
52882,0.0,0
52886,0.0,0
52888,0.0,0
52891,0.0,0
52892,0.0,0
52894,0.0133,0
52895,0.0,0
52898,0.0,0
52900,0.0,0
52902,0.0,0
52904,0.0,0
52905,0.0,0
52910,0.0,0
52911,0.0133,0
52912,0.0,0
52914,0.5,1
52921,0.0,0
52923,0.0,0
52925,0.02,0
52930,0.0033,0
52931,0.0,0
52936,0.0,0
52939,0.0,0
52941,0.0633,0
52943,0.0,0
52944,0.0167,0
52945,0.0,0
52947,0.0,0
52948,0.0,0
52949,0.0,0
52950,0.0,0
52952,0.0,0
52954,0.0,0
52962,0.0,0
52969,0.0,0
52971,0.0,0
52974,0.0,0
52977,0.0,0
52980,0.0,0
52981,0.0,0
52982,0.0033,0
52985,0.0,0
52991,0.0,0
52995,0.0033,0
52996,0.03,0
52999,0.0,0
53002,0.0,0
53003,0.1167,0
53004,0.0,0
53006,0.0,0
53007,0.0,0
53010,0.0767,0
53012,0.0,0
53018,0.0,0
53019,0.5433,1
53023,0.0,0
53025,0.0,0
53027,0.0,0
53030,0.0,0
53031,0.0,0
53033,0.01,0
53034,0.0,0
53042,0.01,0
53043,0.0,0
53046,0.0,0
53047,0.1,0
53050,0.0,0
53056,0.0,0
53057,0.0,0
53058,0.0,0
53060,0.0,0
53063,0.0,0
53066,0.0,0
53068,0.0033,0
53069,0.0433,0
53070,0.0,0
53071,0.0,0
53073,0.0,0
53074,0.0,0
53075,0.0,0
53076,0.0,0
53077,0.01,0
53091,0.0,0
53093,0.0067,0
53094,0.0733,0
53096,0.2033,0
53101,0.0,0
53105,0.0,0
53113,0.0,0
53115,0.0,0
53121,0.1133,0
53122,0.0,0
53123,0.55,1
53124,0.2833,0
53127,0.0033,0
53135,0.0033,0
53136,0.0,0
53137,0.3233,0
53140,0.1367,0
53143,0.02,0
53148,0.4467,0
53153,0.0033,0
53158,0.0,0
53160,0.0,0
53161,0.0033,0
53163,0.0,0
53165,0.0067,0
53168,0.0,0
53171,0.0,0
53172,0.0,0
53175,0.0,0
53179,0.0,0
53180,0.0,0
53181,0.0,0
53186,0.0,0
53188,0.0,0
53189,0.0,0
53190,0.0,0
53192,0.0,0
53193,0.0,0
53194,0.0,0
53196,0.0167,0
53197,0.0,0
53198,0.0,0
53219,0.5867,1
53223,0.0,0
53224,0.0,0
53225,0.0,0
53227,0.0033,0
53228,0.0367,0
53240,0.0,0
53241,0.0733,0
53242,0.0,0
53246,0.0633,0
53258,0.0,0
53259,0.0,0
53260,0.04,0
53266,0.07,0
53269,0.0067,0
53270,0.0,0
53273,0.01,0
53276,0.0,0
53282,0.0467,0
53287,0.0,0
53289,0.0833,0
53294,0.0333,0
53296,0.0067,0
53297,0.06,0
53299,0.0,0
53301,0.0,0
53303,0.0,0
53304,0.01,0
53307,0.0033,0
53311,0.0,0
53313,0.0033,0
53316,0.0,0
53321,0.0,0
53322,0.0,0
53324,0.0,0
53328,0.0,0
53329,0.0,0
53331,0.0,0
53335,0.0,0
53341,0.0,0
53358,0.0,0
53364,0.0,0
53368,0.0,0
53380,0.16,0
53382,0.0,0
53390,0.0067,0
53391,0.0,0
53398,0.0667,0
53399,0.0467,0
53400,0.0,0
53402,0.0,0
53415,0.0,0
53417,0.0,0
53422,0.0,0
53430,0.02,0
53432,0.0,0
53439,0.0,0
53447,0.0,0
53451,0.0033,0
53453,0.0,0
53455,0.0,0
53461,0.0,0
53463,0.0,0
53468,0.0,0
53476,0.03,0
53479,0.0,0
53487,0.0,0
53491,0.0,0
53492,0.1567,0
53498,0.0,0
53503,0.0033,0
53509,0.0,0
53510,0.0,0
53512,0.0,0
53518,0.0,0
53519,0.0,0
53520,0.0,0
53521,0.0,0
53522,0.0,0
53523,0.0,0
53524,0.0,0
53525,0.0,0
53526,0.0,0
53529,0.0,0
53530,0.0,0
53531,0.0,0
53532,0.0,0
53535,0.0,0
53537,0.0,0
53539,0.0,0
53546,0.0,0
53551,0.0,0
53552,0.0,0
53567,0.0,0
53570,0.0,0
53571,0.44,0
53575,0.0,0
53577,0.0,0
53590,0.0,0
53593,0.0,0
53595,0.0,0
53597,0.0033,0
53602,0.0,0
53606,0.0,0
53609,0.0,0
53612,0.0,0
53613,0.0,0
53614,0.3667,0
53616,0.42,0
53617,0.0133,0
53618,0.0,0
53621,0.0,0
53626,0.0,0
53629,0.0,0
53652,0.0,0
53653,0.0,0
53656,0.03,0
53679,0.0,0
53692,0.0,0
53703,0.0933,0
53719,0.0,0
53727,0.0,0
53730,0.0,0
53731,0.0,0
53743,0.0,0
53753,0.0,0
53754,0.0,0
53757,0.12,0
53758,0.0533,0
53769,0.0,0
53770,0.0367,0
53771,0.0,0
53772,0.0,0
53777,0.0,0
53791,0.0,0
53795,0.0,0
53809,0.0,0
53814,0.1967,0
53817,0.0,0
53821,0.0,0
53822,0.0,0
53825,0.0,0
53827,0.0067,0
53828,0.0067,0
53829,0.0,0
53836,0.0,0
53838,0.0,0
53842,0.09,0
53858,0.0,0
53860,0.0,0
53864,0.0,0
53874,0.0,0
53876,0.0,0
53885,0.0033,0
53890,0.0,0
53891,0.0033,0
53892,0.0,0
53896,0.0,0
53897,0.0033,0
53901,0.0433,0
53905,0.0,0
53921,0.0067,0
53926,0.0,0
53927,0.02,0
53929,0.0033,0
53945,0.9567,1
53946,0.0367,0
53947,0.0,0
53951,0.0,0
53954,0.0,0
53957,0.0,0
53961,0.0,0
53967,0.0,0
53970,0.0,0
53972,0.01,0
53974,0.0,0
53976,0.0,0
53977,0.0,0
53978,0.0,0
53982,0.0,0
53983,0.0367,0
53990,0.0,0
53991,0.0,0
53992,0.0,0
53996,0.0,0
53999,0.0,0
54004,0.0,0
54005,0.0533,0
54009,0.0,0
54012,0.0133,0
54023,0.0333,0
54034,0.0767,0
54039,0.0,0
54053,0.0,0
54056,0.0067,0
54057,0.0,0
54061,0.0,0
54063,0.0033,0
54069,0.3133,0
54076,0.0,0
54078,0.0133,0
54085,0.15,0
54086,0.0,0
54096,0.0033,0
54097,0.0,0
54098,0.0,0
54106,0.0,0
54107,0.0,0
54111,0.0,0
54112,0.06,0
54117,0.0,0
54121,0.0,0
54130,0.0,0
54131,0.0,0
54135,0.0,0
54136,0.0,0
54143,0.0,0
54146,0.0067,0
54151,0.0,0
54160,0.0,0
54162,0.0,0
54165,0.0033,0
54168,0.0,0
54176,0.0,0
54178,0.0,0
54182,0.0,0
54186,0.0,0
54189,0.0,0
54190,0.0,0
54201,0.0367,0
54205,0.0,0
54207,0.0,0
54218,0.0,0
54220,0.0,0
54221,0.0,0
54222,0.0,0
54225,0.01,0
54226,0.0,0
54227,0.0,0
54229,0.0033,0
54232,0.0,0
54233,0.12,0
54235,0.0,0
54243,0.0,0
54245,0.0,0
54246,0.0,0
54247,0.0,0
54248,0.0,0
54250,0.0,0
54252,0.0,0
54255,0.0167,0
54257,0.0,0
54258,0.0,0
54260,0.0,0
54261,0.0,0
54264,0.0,0
54265,0.0067,0
54266,0.0,0
54269,0.0,0
54270,0.0,0
54271,0.0,0
54272,0.0,0
54274,0.0,0
54275,0.0,0
54279,0.0,0
54280,0.0,0
54281,0.0,0
54285,0.0,0
54290,0.0,0
54291,0.0,0
54292,0.0,0
54294,0.0,0
54298,0.0,0
54299,0.0,0
54304,0.0,0
54307,0.0,0
54308,0.0033,0
54309,0.0,0
54311,0.0,0
54312,0.01,0
54313,0.0,0
54316,0.0,0
54317,0.0,0
54318,0.0,0
54321,0.0,0
54323,0.0,0
54324,0.0,0
54325,0.0,0
54329,0.0,0
54330,0.0067,0
54331,0.0,0
54342,0.0,0
54343,0.0,0
54345,0.0,0
54350,0.0,0
54351,0.0,0
54356,0.0,0
54358,0.0,0
54360,0.0,0
54361,0.0,0
54362,0.0,0
54368,0.0,0
54389,0.44,0
54392,0.0,0
54400,0.0,0
54402,0.0,0
54416,0.0,0
54425,0.0,0
54429,0.0,0
54434,0.0,0
54435,0.0,0
54438,0.0,0
54445,0.0567,0
54457,0.0,0
54458,0.0,0
54461,0.0833,0
54465,0.0,0
54470,0.0,0
54473,0.0,0
54482,0.04,0
54489,0.0,0
54494,0.0067,0
54495,0.5033,1
54499,0.0533,0
54502,0.2,0
54506,0.0,0
54508,0.0033,0
54511,0.0,0
54514,0.01,0
54516,0.0033,0
54521,0.04,0
54523,0.04,0
54527,0.1967,0
54531,0.0,0
54538,0.0,0
54541,0.0,0
54545,0.0033,0
54552,0.01,0
54553,0.0,0
54555,0.0,0
54565,0.0133,0
54567,0.0167,0
54568,0.0,0
54569,0.0,0
54572,0.0,0
54573,0.0,0
54574,0.0,0
54575,0.0,0
54576,0.1233,0
54579,0.0,0
54581,0.0,0
54582,0.0033,0
54585,0.0,0
54586,0.0,0
54587,0.0,0
54588,0.0,0
54592,0.0,0
54594,0.0,0
54611,0.0,0
54613,0.0067,0
54617,0.0,0
54621,0.03,0
54622,0.0,0
54629,0.0,0
54630,0.0067,0
54634,0.01,0
54638,0.0,0
54640,0.0,0
54643,0.0733,0
54651,0.0,0
54653,0.42,0
54657,0.01,0
54658,0.07,0
54662,0.0567,0
54663,0.0,0
54664,0.0,0
54666,0.0,0
54669,0.0033,0
54670,0.0,0
54674,0.0,0
54676,0.0,0
54684,0.0,0
54686,0.0,0
54687,0.0,0
54692,0.0,0
54698,0.0,0
54699,0.0,0
54701,0.0,0
54706,0.0033,0
54719,0.0033,0
54720,0.2133,0
54723,0.02,0
54726,0.0,0
54732,0.0,0
54736,0.1567,0
54739,0.0,0
54741,0.0,0
54746,0.0033,0
54748,0.0,0
54749,0.0,0
54751,0.0,0
54752,0.0,0
54754,0.0,0
54755,0.0,0
54757,0.0,0
54760,0.0,0
54762,0.0,0
54764,0.0,0
54766,0.0,0
54767,0.0,0
54769,0.0,0
54771,0.0,0
54772,0.0267,0
54782,0.0,0
54783,0.0,0
54785,0.01,0
54795,0.0,0
54798,0.0,0
54800,0.0,0
54805,0.22,0
54806,0.4067,0
54808,0.0633,0
54813,0.03,0
54821,0.0,0
54824,0.0,0
54825,0.0033,0
54828,0.0033,0
54832,0.0,0
54833,0.1167,0
54837,0.0,0
54850,0.03,0
54855,0.0,0
54858,0.0,0
54869,0.0,0
54876,0.0,0
54877,0.0,0
54880,0.0,0
54882,0.0,0
54884,0.0,0
54886,0.21,0
54894,0.0,0
54899,0.0,0
54902,0.0,0
54903,0.0,0
54936,0.0,0
54952,0.05,0
54959,0.0,0
54965,0.0,0
54966,0.0167,0
54967,0.0,0
54970,0.1567,0
54977,0.0,0
54998,0.0,0
55001,0.4233,0
55003,0.0,0
55004,0.0067,0
55014,0.0,0
55022,0.0,0
55025,0.0,0
55033,0.0,0
55034,0.0067,0
55038,0.0333,0
55043,0.0,0
55045,0.0067,0
55057,0.0067,0
55058,0.0,0
55059,0.0,0
55071,0.0,0
55073,0.0,0
55076,0.0,0
55077,0.0,0
55084,0.0,0
55086,0.0,0
55091,0.0,0
55093,0.0,0
55096,0.0,0
55097,0.0,0
55098,0.0,0
55099,0.0,0
55100,0.0,0
55101,0.0,0
55102,0.0,0
55120,0.0,0
55123,0.0,0
55126,0.0033,0
55128,0.0,0
55130,0.0033,0
55140,0.0,0
55156,0.0,0
55157,0.0,0
55165,0.4667,0
55167,0.0033,0
55172,0.0,0
55173,0.0,0
55176,0.0667,0
55177,0.0,0
55182,0.0033,0
55183,0.0,0
55189,0.0,0
55190,0.0,0
55196,0.0,0
55197,0.0,0
55198,0.0,0
55202,0.0033,0
55203,0.0033,0
55211,0.0,0
55217,0.0,0
55223,0.0,0
55234,0.0,0
55243,0.0,0
55269,0.2,0
55273,0.0133,0
55275,0.0,0
55279,0.0,0
55284,0.0,0
55295,0.14,0
55297,0.0033,0
55301,0.0,0
55305,0.0,0
55310,0.0,0
55317,0.2533,0
55323,0.0,0
55324,0.0,0
55328,0.0,0
55333,0.0033,0
55345,0.0,0
55353,0.0067,0
55356,0.0,0
55359,0.0,0
55360,0.0,0
55362,0.0,0
55363,0.0,0
55364,0.0033,0
55365,0.0,0
55366,0.4133,0
55367,0.0,0
55369,0.0,0
55373,0.0,0
55374,0.0,0
55375,0.1033,0
55379,0.0,0
55380,0.0,0
55381,0.0,0
55382,0.0,0
55383,0.0,0
55386,0.0,0
55387,0.0,0
55391,0.0,0
55407,0.0067,0
55409,0.0,0
55410,0.0,0
55412,0.0067,0
55417,0.0,0
55420,0.0067,0
55422,0.0,0
55442,0.0,0
55446,0.0,0
55461,0.0,0
55465,0.0,0
55466,0.0,0
55472,0.0167,0
55481,0.0,0
55483,0.0,0
55485,0.0,0
55486,0.0,0
55487,0.0,0
55488,0.0,0
55489,0.0,0
55491,0.0,0
55493,0.11,0
55494,0.0,0
55495,0.0,0
55496,0.0,0
55497,0.0,0
55500,0.0,0
55501,0.0,0
55502,0.0,0
55504,0.0,0
55513,0.0,0
55514,0.0,0
55516,0.14,0
55519,0.0,0
55520,0.0033,0
55531,0.06,0
55540,0.0,0
55541,0.0,0
55542,0.0,0
55554,0.0,0
55555,0.0,0
55556,0.0033,0
55557,0.19,0
55561,0.0,0
55566,0.0233,0
55567,0.0,0
55591,0.0,0
55594,0.0,0
55595,0.0,0
55596,0.0,0
55605,0.0,0
55606,0.0733,0
55624,0.0033,0
55626,0.0,0
55635,0.0,0
55637,0.1867,0
55643,0.0,0
55647,0.0,0
55650,0.0,0
55656,0.0,0
55658,0.0567,0
55665,0.04,0
55688,0.0,0
55695,0.0067,0
55701,0.0033,0
55713,0.0,0
55721,0.0,0
55725,0.0,0
55727,0.0,0
55730,0.0,0
55734,0.0267,0
55745,0.0,0
55756,0.0,0
55763,0.04,0
55767,0.0,0
55771,0.0333,0
55773,0.0233,0
55775,0.0,0
55777,0.0,0
55780,0.0967,0
55791,0.0,0
55808,0.0,0
55811,0.0,0
55812,0.0,0
55814,0.0,0
55820,0.0,0
55821,0.0,0
55825,0.0,0
55827,0.0033,0
55846,0.0,0
55854,0.0,0
55859,0.0,0
55864,0.0,0
55865,0.0033,0
55878,0.0,0
55879,0.0,0
55902,0.0,0
55905,0.0033,0
55915,0.2167,0
55926,0.0,0
55929,0.6367,1
55933,0.0,0
55938,0.0,0
55942,0.01,0
55944,0.0,0
55945,0.0,0
55949,0.0,0
55961,0.0,0
55964,0.0,0
55972,0.0,0
55983,0.0,0
55990,0.0,0
55994,0.1167,0
55996,0.0,0
56000,0.0,0
56003,0.0667,0
56018,0.0067,0
56026,0.74,1
56038,0.0,0
56039,0.5467,1
56041,0.0,0
56045,0.0,0
56046,0.1967,0
56063,0.0,0
56067,0.0,0
56072,0.0,0
56074,0.0,0
56082,0.0,0
56090,0.0,0
56099,0.0,0
56100,0.0,0
56108,0.0,0
56112,0.0,0
56114,0.0,0
56115,0.0,0
56123,0.0,0
56131,0.0,0
56135,0.0,0
56136,0.0,0
56139,0.0,0
56144,0.0,0
56146,0.0,0
56147,0.0,0
56153,0.0,0
56158,0.0,0
56161,0.0,0
56171,0.0,0
56186,0.0,0
56202,0.0,0
56206,0.0,0
56209,0.0,0
56212,0.0,0
56213,0.0,0
56214,0.0,0
56215,0.0,0
56216,0.01,0
56222,0.0,0
56232,0.0,0
56242,0.0,0
56245,0.0,0
56246,0.0,0
56250,0.0,0
56252,0.0067,0
56256,0.0,0
56258,0.0,0
56263,0.0,0
56269,0.02,0
56275,0.01,0
56280,0.0,0
56282,0.0,0
56300,0.0,0
56301,0.0,0
56319,0.0,0
56320,0.0067,0
56326,0.0,0
56327,0.0033,0
56329,0.0,0
56333,0.0,0
56335,0.02,0
56336,0.0,0
56337,0.0,0
56340,0.0,0
56351,0.0,0
56352,0.0,0
56353,0.0,0
56354,0.0,0
56358,0.0,0
56363,0.0,0
56365,0.1867,0
56368,0.0,0
56369,0.0,0
56372,0.02,0
56391,0.2033,0
56400,0.0,0
56413,0.0,0
56414,0.0,0
56415,0.0,0
56421,0.0,0
56426,0.0,0
56436,0.0,0
56439,0.0067,0
56444,0.0,0
56447,0.0,0
56451,0.0167,0
56470,0.0,0
56478,0.0067,0
56483,0.0433,0
56486,0.0,0
56490,0.0667,0
56492,0.0,0
56506,0.48,0
56513,0.0067,0
56516,0.0,0
56518,0.0,0
56519,0.0,0
56521,0.0,0
56534,0.0,0
56536,0.0,0
56538,0.0,0
56539,0.0033,0
56540,0.0167,0
56545,0.0,0
56547,0.0033,0
56549,0.0333,0
56559,0.0,0
56565,0.0,0
56569,0.0,0
56572,0.0,0
56576,0.0,0
56577,0.0,0
56579,0.0,0
56586,0.0,0
56597,0.0,0
56598,0.0,0
56599,0.0,0
56601,0.0,0
56603,0.0,0
56606,0.0033,0
56608,0.0,0
56612,0.0733,0
56619,0.03,0
56621,0.0,0
56622,0.0,0
56626,0.0033,0
56630,0.0,0
56631,0.0,0
56640,0.0,0
56648,0.0,0
56649,0.0,0
56656,0.0,0
56659,0.0,0
56665,0.0,0
56669,0.0,0
56675,0.0,0
56677,0.0,0
56678,0.0,0
56681,0.02,0
56682,0.0,0
56685,0.0,0
56706,0.0,0
56708,0.1367,0
56712,0.0,0
56718,0.0,0
56719,0.0,0
56720,0.0,0
56726,0.0,0
56732,0.0,0
56735,0.07,0
56738,0.0,0
56740,0.0,0
56744,0.0,0
56746,0.0,0
56747,0.0,0
56748,0.0,0
56761,0.0,0
56763,0.0,0
56766,0.0,0
56769,0.0,0
56783,0.0,0
56784,0.0833,0
56789,0.0,0
56791,0.0067,0
56797,0.5667,1
56806,0.02,0
56808,0.0,0
56815,0.0,0
56826,0.0,0
56859,0.3233,0
56868,0.0,0
56872,0.0,0
56873,0.0,0
56874,0.0,0
56877,0.0,0
56878,0.0,0
56879,0.0,0
56886,0.0,0
56890,0.0633,0
56895,0.0,0
56898,0.02,0
56905,0.0,0
56906,0.0,0
56921,0.0,0
56927,0.0,0
56931,0.0,0
56937,0.0033,0
56938,0.01,0
56941,0.0,0
56942,0.0,0
56943,0.5633,1
56944,0.0033,0
56946,0.0,0
56950,0.0033,0
56952,0.0,0
56953,0.0,0
56955,0.0,0
56958,0.0,0
56959,0.0,0
56964,0.0,0
56966,0.0033,0
56972,0.0067,0
56973,0.0,0
56977,0.0,0
56979,0.0,0
56982,0.0,0
56984,0.0033,0
56991,0.0,0
56995,0.0,0
56997,0.0033,0
57000,0.0,0
57001,0.0,0
57003,0.0,0
57007,0.3,0
57009,0.0,0
57011,0.0,0
57012,0.0,0
57013,0.0,0
57015,0.4333,0
57020,0.0,0
57023,0.0467,0
57027,0.0,0
57028,0.1567,0
57046,0.0,0
57048,0.0,0
57053,0.0,0
57055,0.0,0
57056,0.0,0
57063,0.0,0
57066,0.0,0
57067,0.0,0
57068,0.0,0
57073,0.0,0
57074,0.0,0
57076,0.01,0
57087,0.0,0
57089,0.0,0
57096,0.0,0
57098,0.0,0
57101,0.1267,0
57102,0.0833,0
57111,0.0133,0
57112,0.01,0
57117,0.0,0
57126,0.0,0
57128,0.0,0
57132,0.01,0
57133,0.0,0
57134,0.0,0
57136,0.0,0
57139,0.0133,0
57142,0.0,0
57146,0.0,0
57159,0.0033,0
57162,0.0,0
57164,0.0267,0
57167,0.0267,0
57169,0.0133,0
57173,0.0067,0
57175,0.0,0
57177,0.01,0
57182,0.0,0
57191,0.0,0
57210,0.0,0
57216,0.0,0
57223,0.02,0
57230,0.0,0
57244,0.0,0
57247,0.0,0
57254,0.0,0
57256,0.0867,0
57269,0.0,0
57270,0.0,0
57271,0.0,0
57274,0.0,0
57275,0.0,0
57278,0.0,0
57279,0.04,0
57282,0.02,0
57283,0.0,0
57293,0.0,0
57299,0.0,0
57307,0.0,0
57311,0.0,0
57332,0.07,0
57339,0.0,0
57343,0.0,0
57362,0.0033,0
57374,0.0,0
57381,0.0,0
57383,0.0367,0
57403,0.0,0
57443,0.0,0
57455,0.0,0
57464,0.0,0
57485,0.0,0
57496,0.0,0
57500,0.0,0
57510,0.0067,0
57511,0.0,0
57514,0.0,0
57519,0.0,0
57541,0.0,0
57545,0.0,0
57554,0.0,0
57579,0.0,0
57581,0.0,0
57586,0.0,0
57593,0.0,0
57626,0.0,0
57628,0.0,0
57635,0.0,0
57661,0.0,0
57668,0.0433,0
57674,0.0,0
57691,0.0133,0
57699,0.0,0
57704,0.0,0
57707,0.5633,1
57718,0.0,0
57720,0.0,0
57730,0.0,0
57731,0.0,0
57734,0.0,0
57741,0.0067,0
57746,0.0,0
57749,0.0,0
57752,0.07,0
57754,0.0,0
57756,0.0,0
57760,0.0533,0
57766,0.0,0
57768,0.0433,0
57769,0.0,0
57770,0.0,0
57794,0.0,0
57803,0.0,0
57805,0.0,0
57820,0.0,0
57826,0.37,0
57837,0.0,0
57839,0.0,0
57884,0.0,0
57899,0.0,0
57917,0.0,0
57919,0.0,0
57923,0.0,0
57928,0.0,0
57931,0.1033,0
57933,0.0033,0
57938,0.0,0
57943,0.0,0
57950,0.0233,0
57954,0.1133,0
57961,0.0333,0
57964,0.0,0
57970,0.0033,0
57986,0.06,0
57991,0.0,0
57995,0.0,0
58025,0.0,0
58033,0.0,0
58037,0.0,0
58045,0.0033,0
58073,0.0,0
58080,0.0,0
58085,0.0,0
58098,0.0133,0
58101,0.0233,0
58112,0.0,0
58115,0.0,0
58124,0.0,0
58141,0.0,0
58149,0.0,0
58158,0.0,0
58159,0.0,0
58173,0.0,0
58174,0.4167,0
58180,0.0,0
58181,0.0,0
58184,0.0,0
58186,0.0,0
58187,0.7367,1
58194,0.0,0
58198,0.0,0
58205,0.45,0
58225,0.0,0
58236,0.0,0
58243,0.0,0
58245,0.0,0
58247,0.0,0
58273,0.0,0
58281,0.0,0
58295,0.0,0
58316,0.0,0
58318,0.0,0
58320,0.0,0
58322,0.0,0
58351,0.0,0
58355,0.0,0
58359,0.0,0
58369,0.0,0
58372,0.01,0
58375,0.0,0
58382,0.0,0
58383,0.0067,0
58389,0.0,0
58395,0.0,0
58404,0.0,0
58409,0.0233,0
58411,0.01,0
58418,0.0267,0
58422,0.0,0
58427,0.0167,0
58428,0.0333,0
58430,0.0,0
58431,0.0,0
58439,0.0067,0
58450,0.0,0
58454,0.0,0
58463,0.0,0
58466,0.0,0
58470,0.12,0
58472,0.0,0
58482,0.0,0
58519,0.0,0
58556,0.0033,0
58560,0.0,0
58561,0.0,0
58567,0.0,0
58568,0.0,0
58575,0.0,0
58577,0.0,0
58590,0.0,0
58592,0.0033,0
58596,0.0,0
58597,0.0,0
58609,0.1267,0
58619,0.7033,1
58625,0.0,0
58637,0.0,0
58646,0.0333,0
58651,0.0033,0
58654,0.0,0
58655,0.0,0
58675,0.0267,0
58683,0.0,0
58685,0.0,0
58690,0.0333,0
58691,0.0,0
58703,0.0,0
58704,0.0,0
58713,0.0,0
58715,0.0,0
58717,0.0,0
58725,0.0,0
58726,0.0,0
58728,0.0,0
58731,0.0,0
58746,0.5767,1
58765,0.0,0
58766,0.0,0
58771,0.0433,0
58772,0.0,0
58778,0.7467,1
58787,0.0133,0
58790,0.0033,0
58796,0.0,0
58798,0.0,0
58800,0.02,0
58801,0.0,0
58804,0.0,0
58809,0.0,0
58810,0.0,0
58815,0.0,0
58816,0.0467,0
58820,0.0067,0
58826,0.0133,0
58829,0.17,0
58837,0.06,0
58841,0.0,0
58843,0.0,0
58847,0.0133,0
58862,0.0,0
58870,0.0867,0
58883,0.0,0
58886,0.0,0
58888,0.0,0
58894,0.0,0
58898,0.0,0
58899,0.0,0
58927,0.0067,0
58931,0.0,0
58932,0.0,0
58933,0.0,0
58934,0.14,0
58940,0.0067,0
58948,0.0,0
58949,0.0167,0
58954,0.0,0
58956,0.0833,0
58958,0.0,0
58960,0.0,0
58964,0.0833,0
58985,0.0,0
58986,0.0,0
58993,0.0,0
59000,0.0,0
59001,0.02,0
59008,0.0,0
59012,0.0,0
59013,0.0,0
59036,0.0,0
59041,0.0,0
59042,0.0033,0
59045,0.0033,0
59049,0.0,0
59050,0.0,0
59053,0.0,0
59061,0.0,0
59073,0.0,0
59074,0.0,0
59080,0.0033,0
59081,0.01,0
59091,0.0,0
59095,0.0667,0
59104,0.0067,0
59111,0.1867,0
59113,0.0,0
59114,0.0033,0
59118,0.0,0
59123,0.0,0
59124,0.0,0
59133,0.0,0
59134,0.0,0
59137,0.0,0
59138,0.02,0
59153,0.0,0
59154,0.0,0
59165,0.0,0
59166,0.0967,0
59168,0.0033,0
59170,0.9233,1
59175,0.0,0
59178,0.1633,0
59201,0.03,0
59213,0.0,0
59214,0.0,0
59220,0.0033,0
59221,0.0,0
59229,0.0,0
59234,0.0033,0
59236,0.0,0
59239,0.0,0
59243,0.0,0
59244,0.0,0
59250,0.0,0
59251,0.0,0
59252,0.16,0
59253,0.0,0
59256,0.0,0
59259,0.0,0
59263,0.0,0
59267,0.0067,0
59270,0.37,0
59276,0.0,0
59277,0.4133,0
59280,0.0,0
59291,0.3933,0
59294,0.3467,0
59299,0.05,0
59303,0.0,0
59306,0.06,0
59310,0.0,0
59311,0.0,0
59315,0.0,0
59317,0.0,0
59320,0.0,0
59321,0.0,0
59322,0.0,0
59323,0.0,0
59327,0.0,0
59334,0.0,0
59340,0.0,0
59342,0.0,0
59346,0.0133,0
59350,0.0,0
59360,0.0,0
59364,0.0,0
59365,0.0067,0
59367,0.0,0
59376,0.0,0
59377,0.0,0
59379,0.0,0
59394,0.0,0
59400,0.0,0
59407,0.0067,0
59411,0.0367,0
59419,0.0,0
59421,0.0033,0
59424,0.0,0
59429,0.0,0
59432,0.31,0
59438,0.0033,0
59441,0.0367,0
59442,0.0133,0
59448,0.0,0
59450,0.0,0
59459,0.0033,0
59461,0.0067,0
59467,0.0033,0
59476,0.0,0
59477,0.0,0
59480,0.0,0
59485,0.0,0
59486,0.0,0
59487,0.0,0
59488,0.0,0
59492,0.0,0
59494,0.0,0
59500,0.0067,0
59503,0.0,0
59506,0.0,0
59507,0.0967,0
59508,0.0,0
59511,0.0,0
59515,0.0,0
59524,0.0,0
59530,0.0033,0
59534,0.0,0
59539,0.0,0
59540,0.0,0
59545,0.0167,0
59547,0.0,0
59549,0.4167,0
59551,0.0033,0
59556,0.0267,0
59560,0.0,0
59562,0.0233,0
59570,0.0,0
59571,0.0,0
59574,0.0,0
59575,0.0167,0
59577,0.0133,0
59578,0.04,0
59584,0.0,0
59593,0.0,0
59598,0.0,0
59602,0.0033,0
59603,0.0,0
59604,0.0,0
59606,0.0,0
59612,0.0067,0
59613,0.0,0
59614,0.0,0
59636,0.0,0
59648,0.02,0
59652,0.04,0
59658,0.0,0
59662,0.0633,0
59667,0.0,0
59674,0.0,0
59685,0.0,0
59686,0.0933,0
59690,0.0033,0
59693,0.0067,0
59695,0.0133,0
59698,0.0,0
59709,0.0,0
59718,0.0,0
59719,0.0,0
59720,0.0033,0
59723,0.0,0
59735,0.0,0
59737,0.0,0
59741,0.0,0
59753,0.0,0
59755,0.2467,0
59770,0.0,0
59774,0.0,0
59784,0.0,0
59798,0.0,0
59803,0.0,0
59807,0.0,0
59810,0.0,0
59814,0.0,0
59815,0.0,0
59827,0.0,0
59830,0.0,0
59835,0.0,0
59841,0.0,0
59854,0.0,0
59859,0.0,0
59874,0.0167,0
59881,0.0133,0
59892,0.0,0
59893,0.0,0
59900,0.0,0
59908,0.0,0
59909,0.0,0
59933,0.0,0
59934,0.0467,0
59941,0.0,0
59946,0.0,0
59970,0.0033,0
59979,0.0,0
59984,0.0,0
59992,0.0033,0
60007,0.0067,0
60011,0.1033,0
60013,0.0,0
60046,0.0,0
60050,0.0,0
60064,0.0,0
60080,0.0,0
60088,0.4267,0
60098,0.5767,1
60105,0.0,0
60108,0.0867,0
60112,0.0,0
60120,0.0,0
60143,0.0,0
60144,0.0,0
60155,0.0,0
60156,0.0,0
60172,0.0,0
60183,0.0,0
60190,0.0633,0
60191,0.0,0
60195,0.02,0
60197,0.0,0
60201,0.0,0
60210,0.0,0
60214,0.27,0
60218,0.0,0
60223,0.0233,0
60228,0.0133,0
60239,0.0,0
60246,0.0,0
60251,0.0,0
60255,0.0033,0
60267,0.0,0
60277,0.0,0
60278,0.0,0
60299,0.0067,0
60301,0.0,0
60319,0.0,0
60335,0.0,0
60338,0.0,0
60346,0.0033,0
60347,0.0,0
60349,0.0,0
60355,0.0133,0
60356,0.0,0
60361,0.0033,0
60369,0.0,0
60375,0.03,0
60379,0.0,0
60387,0.0,0
60388,0.0,0
60390,0.0,0
60391,0.0,0
60398,0.0,0
60407,0.0,0
60415,0.0,0
60417,0.0,0
60418,0.1033,0
60424,0.0,0
60430,0.0,0
60431,0.0,0
60432,0.0,0
60435,0.0,0
60439,0.0433,0
60453,0.0,0
60466,0.0,0
60473,0.0,0
60474,0.0,0
60504,0.0,0
60507,0.0033,0
60520,0.0,0
60521,0.0,0
60524,0.0,0
60529,0.0067,0
60532,0.0,0
60534,0.23,0
60539,0.0133,0
60555,0.0367,0
60559,0.0,0
60561,0.0,0
60562,0.0,0
60573,0.0,0
60574,0.0,0
60581,0.0,0
60584,0.0033,0
60587,0.02,0
60588,0.0,0
60589,0.0733,0
60592,0.0,0
60595,0.0,0
60598,0.0,0
60602,0.0,0
60604,0.0,0
60605,0.0,0
60606,0.0,0
60633,0.0,0
60636,0.0,0
60641,0.0,0
60645,0.0,0
60647,0.0467,0
60653,0.0,0
60654,0.0,0
60658,0.0,0
60661,0.0,0
60668,0.0,0
60669,0.0,0
60680,0.0,0
60681,0.0,0
60684,0.0,0
60698,0.0,0
60702,0.0,0
60705,0.0,0
60710,0.0067,0
60712,0.0,0
60743,0.0,0
60749,0.0,0
60758,0.04,0
60759,0.0,0
60761,0.0,0
60769,0.0033,0
60771,0.0,0
60776,0.0,0
60779,0.5233,1
60792,0.02,0
60796,0.0,0
60803,0.0,0
60815,0.0167,0
60824,0.0,0
60831,0.0,0
60835,0.0,0
60836,0.0,0
60864,0.0,0
60866,0.0,0
60879,0.04,0
60880,0.0,0
60882,0.0,0
60884,0.0033,0
60889,0.2333,0
60890,0.0,0
60891,0.0,0
60896,0.0,0
60902,0.0,0
60908,0.0,0
60912,0.0,0
60913,0.0,0
60914,0.49,0
60919,0.03,0
60939,0.0,0
60946,0.0,0
60954,0.0,0
60968,0.0,0
60986,0.0,0
61013,0.26,0
61020,0.0033,0
61021,0.08,0
61024,0.0,0
61029,0.0,0
61031,0.0,0
61033,0.01,0
61044,0.0,0
61054,0.0033,0
61060,0.0033,0
61063,0.0,0
61064,0.0,0
61068,0.0,0
61069,0.5767,1
61070,0.3033,0
61072,0.02,0
61074,0.0,0
61075,0.1633,0
61079,0.0,0
61080,0.0,0
61085,0.0,0
61091,0.0,0
61110,0.0,0
61129,0.0,0
61132,0.0,0
61137,0.0,0
61140,0.05,0
61142,0.5467,1
61150,0.0,0
61152,0.0,0
61156,0.0,0
61174,0.0,0
61177,0.0,0
61178,0.01,0
61191,0.13,0
61192,0.0,0
61193,0.0,0
61196,0.0,0
61198,0.0,0
61199,0.0067,0
61201,0.05,0
61205,0.0,0
61209,0.0,0
61212,0.0,0
61220,0.0,0
61221,0.0067,0
61224,0.0,0
61226,0.0,0
61229,0.0,0
61231,0.03,0
61236,0.0,0
61238,0.0267,0
61239,0.0333,0
61243,0.0,0
61248,0.0067,0
61250,0.0033,0
61251,0.0,0
61253,0.0,0
61254,0.0033,0
61258,0.0033,0
61259,0.0,0
61260,0.0,0
61267,0.21,0
61268,0.0,0
61269,0.0,0
61272,0.0033,0
61274,0.0,0
61275,0.79,1
61276,0.0,0
61279,0.0,0
61285,0.0,0
61287,0.0,0
61288,0.0,0
61300,0.0033,0
61301,0.0,0
61304,0.0633,0
61305,0.0367,0
61306,0.0,0
61307,0.0,0
61308,0.01,0
61317,0.0,0
61324,0.0,0
61327,0.5267,1
61335,0.0,0
61337,0.2067,0
61342,0.0067,0
61344,0.0,0
61345,0.0,0
61355,0.0,0
61362,0.0,0
61366,0.0,0
61375,0.0033,0
61377,0.0,0
61381,0.0,0
61384,0.0,0
61386,0.7167,1
61399,0.0,0
61405,0.0,0
61407,0.0,0
61408,0.0,0
61413,0.0,0
61414,0.0,0
61419,0.0,0
61420,0.0,0
61424,0.0,0
61426,0.01,0
61435,0.0,0
61436,0.0,0
61437,0.0,0
61438,0.0,0
61441,0.0,0
61443,0.0,0
61445,0.0,0
61446,0.01,0
61449,0.42,0
61452,0.0067,0
61458,0.0233,0
61460,0.0033,0
61464,0.0,0
61467,0.0,0
61468,0.0,0
61470,0.0,0
61480,0.1333,0
61483,0.0,0
61488,0.0,0
61489,0.0,0
61491,0.0,0
61493,0.0,0
61497,0.0033,0
61510,0.0,0
61513,0.0,0
61514,0.0867,0
61518,0.0,0
61519,0.0,0
61525,0.0,0
61532,0.0,0
61541,0.0033,0
61543,0.1533,0
61547,0.0067,0
61548,0.25,0
61552,0.0033,0
61565,0.0,0
61567,0.0933,0
61570,0.0,0
61571,0.0,0
61575,0.0033,0
61576,0.0,0
61579,0.0,0
61595,0.0,0
61599,0.0,0
61602,0.1333,0
61603,0.0433,0
61607,0.0,0
61610,0.0,0
61616,0.0,0
61621,0.0,0
61622,0.4133,0
61628,0.0033,0
61630,0.1,0
61632,0.0,0
61637,0.0,0
61638,0.0,0
61639,0.0767,0
61641,0.2267,0
61642,0.0,0
61643,0.0,0
61645,0.0,0
61646,0.0,0
61647,0.0,0
61649,0.0,0
61651,0.0,0
61652,0.0067,0
61659,0.0,0
61663,0.0,0
61670,0.0,0
61672,0.0,0
61674,0.0033,0
61677,0.0,0
61678,0.0,0
61679,0.0033,0
61681,0.01,0
61682,0.0,0
61684,0.03,0
61686,0.0,0
61690,0.1133,0
61692,0.09,0
61694,0.0367,0
61696,0.0,0
61697,0.0,0
61703,0.0,0
61704,0.0,0
61708,0.0033,0
61712,0.0,0
61714,0.0,0
61716,0.0,0
61718,0.0133,0
61721,0.03,0
61723,0.0,0
61725,0.0,0
61726,0.0,0
61729,0.0033,0
61731,0.0033,0
61738,0.0067,0
61739,0.0,0
61740,0.0,0
61744,0.0,0
61747,0.0,0
61749,0.0,0
61750,0.0,0
61754,0.0,0
61755,0.3167,0
61759,0.0,0
61761,0.0033,0
61763,0.0133,0
61777,0.0,0
61781,0.0,0
61783,0.0,0
61790,0.55,1
61791,0.0,0
61795,0.0,0
61796,0.0,0
61798,0.0,0
61800,0.0,0
61804,0.6033,1
61805,0.2,0
61809,0.0,0
61810,0.0,0
61811,0.0,0
61813,0.0,0
61815,0.4433,0
61820,0.0,0
61822,0.0,0
61824,0.0,0
61837,0.0,0
61841,0.0,0
61852,0.0,0
61861,0.0,0
61863,0.0,0
61864,0.2367,0
61870,0.0133,0
61876,0.0033,0
61877,0.0,0
61880,0.0,0
61891,0.0,0
61928,0.0033,0
61932,0.0,0
61934,0.01,0
61938,0.0433,0
61939,0.0033,0
61940,0.0,0
61944,0.0,0
61956,0.0,0
61962,0.0,0
61965,0.0,0
61968,0.0,0
61977,0.0,0
61978,0.0,0
61983,0.0,0
61985,0.0,0
61987,0.0,0
61988,0.0,0
61990,0.0,0
61995,0.0,0
62000,0.0,0
62001,0.0,0
62006,0.16,0
62013,0.0033,0
62017,0.0,0
62018,0.0,0
62020,0.5867,1
62030,0.0,0
62036,0.0,0
62037,0.0,0
62038,0.0,0
62041,0.0,0
62047,0.05,0
62049,0.0,0
62052,0.0433,0
62053,0.0,0
62063,0.0,0
62068,0.0,0
62072,0.0,0
62098,0.0,0
62099,0.0,0
62100,0.0,0
62102,0.0,0
62115,0.0,0
62117,0.0433,0
62124,0.0,0
62128,0.0,0
62130,0.0,0
62154,0.0,0
62158,0.08,0
62164,0.0,0
62166,0.0,0
62173,0.0367,0
62175,0.0,0
62176,0.0,0
62178,0.0,0
62180,0.0,0
62181,0.0,0
62182,0.0033,0
62185,0.0,0
62189,0.0,0
62190,0.0,0
62191,0.0,0
62198,0.0,0
62201,0.0067,0
62208,0.0,0
62211,0.0,0
62212,0.28,0
62215,0.0,0
62222,0.4,0
62225,0.0067,0
62226,0.0067,0
62228,0.0,0
62237,0.0,0
62239,0.0,0
62240,0.0033,0
62248,0.0,0
62250,0.0,0
62253,0.01,0
62255,0.0,0
62257,0.09,0
62259,0.0,0
62266,0.0,0
62269,0.0,0
62270,0.0,0
62278,0.0,0
62281,0.0,0
62282,0.0,0
62283,0.0,0
62285,0.4033,0
62286,0.02,0
62288,0.0,0
62315,0.0033,0
62317,0.0,0
62326,0.0,0
62327,0.13,0
62331,0.8733,1
62334,0.0,0
62340,0.2,0
62342,0.01,0
62360,0.2133,0
62380,0.0,0
62381,0.0,0
62388,0.0067,0
62392,0.12,0
62399,0.0,0
62400,0.0,0
62401,0.0,0
62402,0.0,0
62407,0.0,0
62410,0.0,0
62411,0.0,0
62417,0.0,0
62419,0.3667,0
62420,0.0133,0
62421,0.0,0
62422,0.0,0
62423,0.0,0
62424,0.0,0
62425,0.0667,0
62426,0.0,0
62427,0.0,0
62428,0.0,0
62429,0.09,0
62430,0.0,0
62431,0.5733,1
62432,0.1,0
62434,0.0,0
62435,0.17,0
62436,0.1767,0
62437,0.01,0
62440,0.0,0
62441,0.0233,0
62442,0.0,0
62443,0.0367,0
62445,0.0,0
62446,0.0,0
62447,0.0,0
62449,0.0,0
62451,0.0,0
62453,0.0,0
62457,0.0,0
62460,0.0,0
62461,0.3967,0
62466,0.0,0
62469,0.0133,0
62471,0.19,0
62472,0.0,0
62474,0.36,0
62475,0.2033,0
62476,0.1133,0
62483,0.0167,0
62484,0.0,0
62489,0.0,0
62490,0.0133,0
62493,0.0033,0
62508,0.7567,1
62513,0.03,0
62515,0.0,0
62518,0.0,0
62520,0.0,0
62521,0.0033,0
62522,0.0,0
62528,0.0,0
62529,0.2933,0
62531,0.0367,0
62534,0.0033,0
62536,0.18,0
62538,0.0033,0
62541,0.1833,0
62542,0.0,0
62547,0.3267,0
62548,0.01,0
62549,0.09,0
62550,0.0033,0
62551,0.0,0
62552,0.09,0
62553,0.0033,0
62554,0.0,0
62556,0.0,0
62557,0.0,0
62558,0.0,0
62559,0.0767,0
62560,0.0,0
62562,0.0,0
62563,0.0033,0
62565,0.0,0
62567,0.0,0
62569,0.14,0
62571,0.0,0
62572,0.0,0
62573,0.0033,0
62574,0.0,0
62575,0.0133,0
62577,0.0,0
62578,0.0,0
62579,0.0,0
62580,0.0,0
62582,0.0,0
62586,0.0,0
62587,0.0,0
62590,0.0,0
62597,0.0,0
62599,0.0,0
62600,0.0,0
62602,0.0167,0
62603,0.0,0
62605,0.0033,0
62609,0.04,0
62615,0.0,0
62616,0.0,0
62618,0.0,0
62620,0.2633,0
62622,0.0,0
62632,0.0,0
62635,0.0,0
62644,0.0,0
62647,0.0133,0
62666,0.0,0
62675,0.0,0
62683,0.0,0
62685,0.0,0
62690,0.0,0
62692,0.0,0
62693,0.0,0
62694,0.0,0
62708,0.0,0
62726,0.0,0
62736,0.2233,0
62737,0.0,0
62741,0.0,0
62761,0.0033,0
62764,0.0,0
62765,0.0,0
62766,0.0233,0
62788,0.0,0
62791,0.0,0
62801,0.0367,0
62809,0.0733,0
62811,0.0233,0
62813,0.0033,0
62820,0.0,0
62821,0.0,0
